"m1","d1","m2","d2","sigma1","sigma2","rho1","lambda","v1","v2","phi1","phi2","rho2"
-0.101582592800978,0.0824730710560992,-3.69703879272283,17.4486302634603,0.0101842512386306,0.0284556498902042,-0.666284456220464,6.64242911147076,0.0343945255174675,0.749522092773978,0.0267586817040429,0.619996732979402,-0.973219637342892
-0.111046836390168,0.0810586261765843,-3.63621689098545,16.8673644677877,0.00964505754723217,0.027963158183268,-0.689558541421789,5.61128999707958,0.0347570600911844,0.721403178501239,0.0270096130935216,0.624470147680079,-0.976146052561415
-0.137543545094588,0.0974470350398902,-3.59916244697428,18.4163976726837,0.00952147764808238,0.0282290646705607,-0.592278655348901,5.70985913915657,0.0408559468881847,0.7736838609211,0.0269476464960709,0.613243311628252,-0.975255300416513
-0.103054293957626,0.0912145741056241,-3.59164418567552,17.2005381281816,0.00952963986282937,0.0282876668864691,-0.6184654350282,5.78896592688335,0.0334176772605408,0.764091676673607,0.0272632850845432,0.595038475283782,-0.977039104492321
-0.140354076465355,0.0812139246003203,-3.62785603539907,18.4155059141634,0.00945193560292531,0.0282355717121562,-0.473147090034227,5.97499814205285,0.0354393577817808,0.692761581688134,0.0280953797893751,0.583455207358981,-0.980587824536569
-0.150510550779521,0.090754338049082,-3.68698098152419,19.6122233176274,0.00943408350115213,0.0285501033478114,-0.418940352029202,6.59952965853849,0.0339706698755585,0.778201736381716,0.0284955670609257,0.540775701843067,-0.98169276200235
-0.124784133435331,0.0903352680546956,-3.60899779729513,19.3865273874098,0.00965156706493884,0.0301787050773971,-0.300932171591999,7.54371014208757,0.0344791102184398,0.759066672465972,0.0286864632334256,0.492072602097799,-0.982231975989934
-0.127859210809297,0.0942043644442951,-3.623049508648,18.7196069922655,0.00980262584550995,0.0299365910145367,-0.363711872972816,7.65894018815257,0.0326907666461191,0.739281843908076,0.0286361662704739,0.503039629391546,-0.982539880125014
-0.143931150891561,0.0891884624010289,-3.59831502638545,18.0039513137614,0.00979152809425558,0.0300864444472551,-0.371061113351821,7.95608325982523,0.0301864799826333,0.726647652206045,0.0284152606179409,0.514806717127786,-0.982362420422772
-0.159312613245614,0.0964752081135883,-3.60761253287618,19.2152704155656,0.00960159184351516,0.0311440769591611,-0.289811066607503,7.48472946198763,0.0325728442683047,0.742575007594249,0.0287401036170529,0.486574652328615,-0.982546812945573
-0.136204233970029,0.102429530887132,-3.57777428196669,20.1095476351709,0.0092617931846054,0.0314723255333332,-0.314786686094523,7.87263221702362,0.0312605700625222,0.762947677045608,0.0289782794940737,0.476903441850473,-0.97964857099339
-0.131383328281104,0.0879190831906012,-3.59325206442054,19.8031303384204,0.00922127202693861,0.0329972010405624,-0.411368897745357,8.00296196299582,0.0331880540026218,0.760672999824395,0.0291914796231955,0.454742358450952,-0.974751538951583
-0.157650168072514,0.0934905816613576,-3.5304008985547,19.9391524769772,0.00918456372688299,0.0323129550032302,-0.471399650187869,8.11423323637878,0.0362739885342908,0.743253805257826,0.0291821499444964,0.468778537865451,-0.978052105111394
-0.136615245680238,0.0853088316320696,-3.5821691737299,19.0842780889502,0.00963249975223236,0.0333569910224113,-0.389394672380247,7.8628787973844,0.0316595248712207,0.73868399075356,0.0294696978785485,0.466394554723247,-0.981155591342638
-0.121987484007246,0.0811809268654591,-3.56828104111934,18.4813490951495,0.00963939936866094,0.0342170452652826,-0.401083595970985,8.28589662658599,0.0325371481010602,0.699242024084259,0.0291690123638527,0.476121019208159,-0.980936651413792
-0.125634566389759,0.0778218576211091,-3.61243572563981,18.9198034840727,0.00957278065646519,0.0345161458878657,-0.403012648636347,8.24739923833582,0.0348373387233216,0.666354943222201,0.0290453898811007,0.451593773416279,-0.980392066049382
-0.135491480918874,0.071551592913508,-3.56435413191256,19.6596139611105,0.00977842195542956,0.034272660833245,-0.458655172820183,8.92890763411632,0.0304320250894433,0.669239855060967,0.0292878480531142,0.455006014804301,-0.978430814744534
-0.0959683670794139,0.0718618871433318,-3.59887647108634,18.2781958402654,0.010320163080793,0.0349880175372896,-0.509598885815631,8.2863491961078,0.0340967703698729,0.682534590313575,0.0299144952277451,0.447172692677256,-0.978208429940533
-0.12392550095651,0.0675568281964231,-3.64276578941741,18.7882477543095,0.0102770849494261,0.0343545904976722,-0.440549607112783,8.0029098309101,0.0351381904217284,0.675174857266241,0.0298487878563887,0.439951017511466,-0.978067957778859
-0.138876972105914,0.0591955297352149,-3.64251636522986,17.0502129664564,0.0102054578517367,0.0336561374799245,-0.464181002439479,7.75821737901241,0.0315300316087033,0.679021364248917,0.0303413553192402,0.465747843653791,-0.980764630209206
-0.136494610228489,0.0650094951788055,-3.64275198164146,18.3700477298717,0.0102259749057134,0.0331777939214998,-0.353335201290499,7.38123786618545,0.035682501952866,0.675560647695869,0.0307137626817809,0.486362866536929,-0.978354506705375
-0.154345335978626,0.0622300766836302,-3.61375259862692,19.7144622097198,0.0104352410338518,0.033848743044995,-0.379625614670069,6.93372071965224,0.036603627816348,0.699309950973122,0.0309087472357377,0.466705552063738,-0.978911515323922
-0.112314147049174,0.0613621907472471,-3.60754004760583,20.9958586241922,0.0107416241251746,0.0328824967991054,-0.468246943150898,7.17520760879774,0.0358092372084214,0.724382436464026,0.0309185198392782,0.463589930411951,-0.975701834196122
-0.120185990071561,0.0581790583987689,-3.61460874764763,18.67496544563,0.0108166759366441,0.0327233754144959,-0.425143650930288,7.43016543440021,0.0349333960177979,0.707882024210811,0.0307274573729321,0.467291327684591,-0.977590950731786
-0.119969010569114,0.0537865025705862,-3.59378154026954,18.9248275339064,0.0106736997183002,0.0327526348608844,-0.393551875469581,6.8933862930093,0.0401670390859085,0.724175377875501,0.0310021188014222,0.499573002336454,-0.977018334597355
-0.0657172711136433,0.0485338818020433,-3.60602274098826,18.3385707034653,0.0103933663792099,0.0324748005444868,-0.370997026467882,7.72873978018599,0.0342985220270702,0.755875151309522,0.0310599367732291,0.473839043012819,-0.977234553251825
-0.130709825550097,0.0447174661545878,-3.5805479238849,17.9481922227262,0.00973954856495615,0.0331775857841153,-0.302921669433917,7.18682795637051,0.0330539975859991,0.695513149743056,0.0310411386043653,0.466287455192923,-0.979973960990361
-0.112823962313947,0.0426127434861846,-3.63695749612738,18.9589086015097,0.00963717350465922,0.0334003378841898,-0.405187033104,8.20407052746359,0.0329683982410984,0.641217279580509,0.0303062169219546,0.487227972978757,-0.981090070929812
-0.0677831484569908,0.0411802515094054,-3.65977502782708,19.275588330824,0.00909470627875435,0.034078031666997,-0.338447097107821,8.02787730299227,0.0307092415595849,0.663861174169405,0.0302149868765302,0.461879983760683,-0.981713116344289
-0.0988476885033617,0.0443097540089967,-3.65355346083017,19.8369903437413,0.00894122354111107,0.0349975735612316,-0.34908427658293,7.15395968449419,0.0345802375021041,0.676286334040435,0.0302534494408654,0.465823841019013,-0.981962270471685
-0.121562340656667,0.0416910208026256,-3.69433676522361,22.3136803071197,0.00885715455088458,0.0356484998137127,-0.215536194618524,7.47877223454727,0.033267229016299,0.708346397712487,0.0294758673647406,0.474556824753213,-0.979321301238486
-0.0988983527139932,0.0390684174746769,-3.71950467722804,21.1429766103439,0.00906293135285739,0.0358003641468668,-0.302566008846378,6.88041886434023,0.0344139441398634,0.701182074953786,0.0296094733861376,0.469862213733301,-0.977862241008419
-0.06242952818892,0.0374469502622767,-3.72047747012445,18.0501896998936,0.00906444792954503,0.0363443697979647,-0.248913469407947,6.89427789767731,0.035279698121288,0.717725723305268,0.0301747807780507,0.474285428732181,-0.976159504294588
-0.133559771279196,0.035662771414361,-3.70915842899142,19.3414605017741,0.00936400837974117,0.0360819141326605,-0.292831224651244,8.02676828672996,0.0360966115648716,0.663205735675031,0.0299185056694034,0.491720111314615,-0.972996839057197
-0.116425192206878,0.032897103468625,-3.72036377685064,21.7622434165717,0.00941494787193498,0.0356834115259179,-0.312623369454509,8.72041350358363,0.0308669847978244,0.674592606894018,0.0301202031433112,0.49199477007627,-0.977024209173128
-0.128995780711357,0.031181427063007,-3.73938313639928,21.6471207622196,0.00891220903388039,0.0347007287641519,-0.452188128356995,9.01385712808189,0.0344110998128153,0.678583013586438,0.0299032841854636,0.487725090747618,-0.976951931231455
-0.123627048477182,0.0324322674424557,-3.71429309909747,22.3994093524436,0.0090293971186062,0.0353476440229748,-0.554323054533792,8.16463189414755,0.03296498236551,0.698878749871013,0.0297231387200673,0.497836066513871,-0.980635118823899
-0.0944780174036467,0.035616365613566,-3.69726384292129,20.5235253634312,0.00961178688996553,0.0343589112942415,-0.540445653475155,8.57708840383864,0.0331690205956224,0.684153022973744,0.0298649333322282,0.494792426751618,-0.980636971655038
-0.117893902580101,0.0397155063386784,-3.66596604141017,19.8649198266948,0.00978726078107115,0.0341183457293784,-0.63084004623495,7.52296224753009,0.0326369591150886,0.741467506094277,0.0299493674670011,0.479995687511367,-0.978174361148074
-0.116525371764021,0.0402543153233232,-3.74631853449514,19.8723856641826,0.00925307394782484,0.034972094714341,-0.556080272023364,7.84287711212063,0.0345042897876498,0.722177011860548,0.0296124090135564,0.493058374613766,-0.976212373412646
-0.14135406813866,0.037516872886348,-3.73657019699642,19.1505454609354,0.00868225459622748,0.0351848245351335,-0.557042918491044,8.2586695754116,0.0341380701195087,0.714264046504087,0.0295907105972051,0.495368639861847,-0.974378565460896
-0.13588910319415,0.0405337775627978,-3.73781671137172,19.8607359982651,0.00893557642470148,0.0346450091030163,-0.568432930421976,7.97134457247406,0.032800129445006,0.717193230137234,0.0299633839867555,0.504079604850799,-0.974601066194701
-0.111518607342272,0.0359383714252709,-3.73417733850415,19.7849447359259,0.00875679262063668,0.034880794790765,-0.570727236513017,7.37286891486646,0.0315668631442246,0.692093109190984,0.0303457410670095,0.518720555170075,-0.972402152096356
-0.108307049513771,0.044988454124707,-3.78391949889126,20.1100339223568,0.00842192292134098,0.0361092531874577,-0.3745718062213,7.36164295731855,0.0343011979218649,0.710017243098034,0.030389457838964,0.552566403543147,-0.971033211756465
-0.0851259588038373,0.0443043821892264,-3.78638944292474,19.4532953980203,0.00832585849378977,0.0356204449104056,-0.34801352827489,8.38642423606221,0.0329250703892169,0.675465624291749,0.0301087652081733,0.53128878864984,-0.972043292834292
-0.0901349467644004,0.0452859836146464,-3.79474844818673,20.2877977286117,0.00850308069063673,0.0364645501049376,-0.461130307592754,7.42578773584833,0.0346031653227337,0.708397869066818,0.0293285621289982,0.504641090698307,-0.971405099916522
-0.101340497441165,0.0473618547008746,-3.80634043814286,19.1088411268042,0.00826469229217812,0.0363999844538019,-0.460577340821433,7.18372537410702,0.0312832681109708,0.709020280417258,0.0296903886653731,0.502144030994126,-0.968294397914002
-0.128199508254813,0.0517526673297342,-3.79574808785238,19.5447896431666,0.00823420853327671,0.0365833200201503,-0.531388265231465,7.10758839303303,0.0354772566443509,0.669255449185886,0.0295057104251303,0.511625065854264,-0.969045730713839
-0.138023873464615,0.0479270015696517,-3.81206303282135,19.6750567412883,0.00836940878446826,0.0372189666686482,-0.475825827687105,6.60147099823843,0.0355776704278541,0.743060518046136,0.0289528928194528,0.542004311133166,-0.970846057534184
-0.107565004486067,0.0453212772767222,-3.779537426373,18.3716043874536,0.00827364195691649,0.0376268126286134,-0.514695760479915,7.57409794374561,0.0356105487392392,0.739993257089653,0.0294429831599849,0.546834115992976,-0.969411423541295
-0.088174050256718,0.0489594853828521,-3.79986705099801,16.808218788719,0.00819108183969735,0.0369242302201077,-0.506804940149802,6.4256197529245,0.0372425865377811,0.743906999317589,0.0295945979257824,0.551968348720693,-0.967536452883942
-0.127692765293003,0.0499295927389226,-3.79748352281849,16.7594448955277,0.00828766670147343,0.0365481289703749,-0.507929325034983,5.6877160106307,0.0382341471799488,0.745651887642913,0.0296015578395491,0.573856775754695,-0.964927406854835
-0.0923721544895323,0.0519128425647097,-3.78057222556392,17.207008710328,0.00826279850017788,0.0371389196553063,-0.585908618333902,5.00687226794219,0.0369686802617195,0.740361883770687,0.0292557046589944,0.585165480261183,-0.968130020403559
-0.0923721544895323,0.0519128425647097,-3.78057222556392,17.207008710328,0.00826279850017788,0.0371389196553063,-0.585908618333902,5.00687226794219,0.0369686802617195,0.740361883770687,0.0292557046589944,0.585165480261183,-0.968130020403559
-0.0938300763750186,0.045948559161897,-3.82780924661194,16.8025008870121,0.00838757711845919,0.0354949669844211,-0.604057630605828,5.86261633165333,0.0391916605411895,0.692355255105056,0.0293276173701783,0.569274843509426,-0.967083685641769
-0.113984348410487,0.0490883440527307,-3.85590692635476,16.4052907678311,0.00786142566306795,0.0352197455797106,-0.608563538895722,5.54490658908804,0.0395872267161334,0.653924071980808,0.0299870713207113,0.57677555672105,-0.961897179721454
-0.118246955302596,0.0496319995310338,-3.91237379650022,16.7025937853356,0.00773064245187637,0.0361005352605351,-0.604608537356965,5.51140462277159,0.0399731865590442,0.684312695809475,0.0302121573030474,0.575620709845665,-0.962434439073979
-0.122302675628512,0.051752804144486,-3.89597332763891,18.6197470525481,0.00799304270464624,0.0361430287015125,-0.585187956091404,6.08238533006446,0.0386591643411323,0.73318475136867,0.0299371765312864,0.557283326958827,-0.963352954477187
-0.104426013274746,0.0483808118099036,-3.90951424998456,17.9316792320869,0.00771630763993455,0.0363561821342783,-0.499784706448861,7.05727709802904,0.0351227289540558,0.763026052359146,0.0296232775682821,0.578333012404963,-0.957361339388293
-0.0851499895723106,0.0511900988909547,-3.90395303657712,19.4413123970343,0.00755439099709065,0.0358570119276307,-0.549558174016485,5.84596062531811,0.0369824423747013,0.76925496215477,0.0296411228950583,0.59419157619183,-0.95559531288333
-0.0809463961209012,0.050445871775065,-3.85040905766689,20.2117919436222,0.00787856609681366,0.0367335059239379,-0.494140098569397,5.86170325027258,0.0365134530832114,0.727186909598819,0.0295910143896396,0.604854932217909,-0.956408757040423
-0.0830705179715331,0.0478192195815354,-3.82443225501975,19.2640213749314,0.00808169580905613,0.0352170820542866,-0.482177088784527,4.36844579271228,0.0368301273445865,0.753123739979944,0.0297761648757102,0.647276090029272,-0.951372962992765
-0.0413550152108401,0.0494695922007685,-3.77196870709944,18.7615441093442,0.00794293143716984,0.0361979163241522,-0.4426524887612,5.1394693538801,0.0362663723393882,0.77817333768514,0.0297857195082206,0.640104095741611,-0.95560363801522
-0.134377747688828,0.0450047092448684,-3.8350732050308,20.1365121807562,0.00764162145282287,0.0356247663737877,-0.564561057944949,5.25171436809178,0.0415252234173295,0.817085050510593,0.0297527457622572,0.643656533703901,-0.960508295033621
-0.0986339862359323,0.0423415933301115,-3.80486452536874,18.0319793205176,0.00779239677726369,0.0351076715988488,-0.606130740245396,5.53395136574035,0.0407662031902433,0.818552744378523,0.0296460607539734,0.644597181124828,-0.96088648977888
-0.09560248223905,0.0415755220904106,-3.80002917348714,16.8841171916868,0.00761904209633478,0.0353833693319824,-0.638871545741366,5.42878882782315,0.0335242341081518,0.789856384562648,0.0296012577665976,0.617729684958672,-0.956614092950548
-0.0745551963520941,0.0434461443076098,-3.82740444519997,17.5349075477745,0.00780507539849031,0.0352949221031099,-0.623067598425592,4.62497565872099,0.0384009184314737,0.769764133826111,0.029427039609829,0.608459229632126,-0.959996364086628
-0.078114260296854,0.0443090290900332,-3.75660196596399,15.8958151177154,0.00777176392941893,0.0352974854299808,-0.63642089494777,4.67283483802895,0.0372714003762962,0.800871541374931,0.0305218275142419,0.639362145836964,-0.964434893039153
-0.117280035922363,0.0428809006270301,-3.81715867953303,16.7903248985331,0.00797897793889873,0.036417592796117,-0.61083539937338,4.4850281087089,0.0389315607707596,0.810557703812452,0.0306018158880589,0.630168371251195,-0.966430131108844
-0.12235325832772,0.0446839842971965,-3.84324309912012,17.0946931963964,0.00760192500250251,0.0367883049270648,-0.554917834061462,4.53814125907568,0.0416471618677433,0.845449526009077,0.031253518481154,0.651327222482882,-0.963720205463865
-0.104952810483001,0.0502583983467738,-3.85944272343149,18.7338886487653,0.00839715820690938,0.0377530837068064,-0.515285779616015,4.73991238134116,0.0402761564538126,0.888233293353291,0.0323792581911445,0.728890163392183,-0.958438201858406
-0.132443366641993,0.0599744781059097,-3.83738732500808,20.0441705030912,0.00837140825367478,0.0373403575801959,-0.455648689518859,4.98999248243415,0.0406302944655077,0.80930920539623,0.0326238284653373,0.714949826977461,-0.956342516417334
-0.1326010584276,0.0546250366771585,-3.90721834356923,19.6436910279326,0.0080542860047403,0.0370758795011722,-0.359306914257537,4.92534081353905,0.0366152221772727,0.910357377698859,0.0326708791989442,0.697522027995071,-0.950730435315521
-0.0678297976306596,0.049825078256081,-3.87344414422574,21.6061985372339,0.00777677516399557,0.0385204932660299,-0.350336922746907,4.8318042770814,0.0346893522230144,0.9119911498407,0.0321815613031063,0.71021297414296,-0.950631051885874
-0.0735069890478672,0.057887913089903,-3.8673694767914,19.4359200850603,0.00739234613928785,0.0388053592861183,-0.493383089182427,4.81777466509057,0.0438399142959129,0.904465983271654,0.0322531675332233,0.711837825797921,-0.952849061031734
-0.091411644824834,0.0583285066114754,-3.8425608484101,18.3548389070677,0.0072865871685461,0.0378824825746104,-0.50424925842782,5.6861233512209,0.0364293104692289,0.923266677357483,0.0317639738800998,0.691999274946453,-0.951629936692436
-0.0729267552769216,0.054186364658936,-3.88587692964175,17.9985824257209,0.00746407146616681,0.0376010339131344,-0.467274472293014,6.23687899012159,0.0385821820577279,0.953674708809882,0.0308708166047151,0.678823685287917,-0.942375107958336
-0.147985628313544,0.0538975186176884,-3.92086035709824,20.1999803770657,0.00752725782838367,0.0377366859922366,-0.480967912601815,5.90134924149432,0.0426120600078647,0.909517497999873,0.030587784622261,0.656882149431507,-0.945177368876642
-0.154002668013157,0.0617246231892021,-3.93137149850916,21.605882262313,0.00738717143750258,0.0380958649063509,-0.462145361823866,5.84308374819995,0.0424987335036552,0.910635452822621,0.0303387932993754,0.63290902848799,-0.956151015511127
-0.107008166735926,0.0591196408644234,-3.92969275277947,21.893421672097,0.00742786508839342,0.0379505878935182,-0.557000949151785,4.76110604103062,0.0377448623262737,0.870179392673358,0.0304322791035902,0.635758131480828,-0.953134188020463
-0.0700184176139848,0.0628886778191295,-3.92652442295307,22.4568994786304,0.00737606879975785,0.0377234259569975,-0.54368856248457,5.73312081751764,0.0357528044475472,0.903439930819014,0.0305859268856278,0.611705235975552,-0.957026940678012
-0.0783533593417247,0.0561107125609631,-3.95574285752908,22.8711018926334,0.00738090141495262,0.0376733474839462,-0.567783736118683,5.85206195191584,0.0339466071950082,0.879071357659822,0.030028590525561,0.607498688872951,-0.963637696576408
-0.0947261525033331,0.0631424579736222,-3.94399608488312,21.6669452314685,0.00754851855316176,0.0367845606259249,-0.583886896619813,5.48879861517494,0.0338208807979832,0.820605453126742,0.0298712600892143,0.581542577812243,-0.961983203440126
-0.119479478168785,0.0661325443508907,-3.96884973053523,20.9777133561569,0.00749243132413884,0.0374962269030152,-0.617192012312508,5.89749877648977,0.0371657647886756,0.917609961669263,0.0301756544245118,0.590788563216733,-0.963689664074784
-0.0886858968968177,0.0695935440018168,-3.9579099405065,20.9261552197274,0.00710651399914529,0.0385728446950166,-0.636677885509781,5.40400477420497,0.0379646613263474,0.916231562201324,0.0300171314914204,0.589938961595701,-0.965831343818161
-0.0667864099187399,0.0657847540149995,-3.93455643261682,20.0614307109633,0.00725803322085431,0.0393592827986569,-0.62307285269995,5.92512315980628,0.0326566337455085,0.896122049038179,0.0304080118399075,0.555647749710858,-0.965491537215984
-0.0813277399563977,0.0613142808281799,-3.91064893331047,18.830192771145,0.00652805507658891,0.0407531897833803,-0.550701667668002,6.13586912984415,0.0387885901416778,0.849974510773757,0.030199020837633,0.525596026353718,-0.963763167352783
-0.123728153674851,0.060550365489965,-3.91904051636546,18.111410802858,0.00651377073988041,0.0414635142924531,-0.58709885915765,5.37440941815107,0.0382002671909422,0.795931653699563,0.0301079542588932,0.516974301551552,-0.960346431361391
-0.103498875991162,0.0628982579485705,-3.89015236182641,19.7279212740694,0.00656832037495389,0.0433168751267558,-0.673891543578246,6.04684068455757,0.0351048341737538,0.824922497128578,0.0304014916834763,0.5287557269903,-0.953997121441556
-0.127960093575802,0.0628470385513598,-3.87308251220361,19.4578590845471,0.0066682011543195,0.0446331223859539,-0.726603894461251,5.56674367814804,0.0395121231151938,0.81547226101079,0.0302671178131041,0.563303385835814,-0.952044642666256
-0.107485543481218,0.0655379937380536,-3.87130780302811,17.7210363303969,0.00651220125750872,0.0455110857147958,-0.691333063240229,5.98295683371535,0.0361538283954488,0.824256152076439,0.0299862198875826,0.566033471774225,-0.955893097415772
-0.054919050771625,0.0694881423670812,-3.9219590904329,18.7834009805125,0.00633852088460354,0.0446940446334474,-0.586652196709011,5.22786460032359,0.0367426849772886,0.774512657204938,0.0307940175822575,0.591684173336128,-0.959195810758554
-0.0993569599057493,0.0653632576639934,-3.87509037706194,19.0493319735733,0.00631822603958632,0.0426766372435141,-0.655593179612849,5.68706444208559,0.0385424416157891,0.837423963151466,0.0311925762953253,0.580980926756198,-0.954712957730087
-0.143315984364543,0.0672031624032673,-3.89073882358051,18.0955167893446,0.0064261683260848,0.043064426850255,-0.647002976298544,6.37715760777598,0.0380924213675186,0.83535917785483,0.0312595713448356,0.572060390004104,-0.958829741296635
-0.0819547709396048,0.0642933690968786,-3.94288780176661,19.0497016240604,0.00654511356764786,0.043142699839319,-0.68818988966098,5.58156029598378,0.035057402495916,0.807088273625372,0.0305879478145615,0.538399156760978,-0.956932971566637
-0.110678518027284,0.0614902840499011,-3.97086406168844,16.8539374783155,0.00665363158802383,0.0418698669690659,-0.720068837675656,5.9278907184009,0.0364935058966504,0.83567406774675,0.0310004826035277,0.500206677029422,-0.956181497755778
-0.122668072128094,0.0629873035527855,-4.01279194738721,15.7862610808926,0.00655851036011813,0.0437720531294503,-0.693585339363855,6.46392184091124,0.0349540317963152,0.795296284483416,0.0312371589663165,0.509305673887339,-0.96347459766787
-0.122921241125399,0.0612237982139512,-4.03923547518629,15.3967614611003,0.00638050713993651,0.0435749540813245,-0.734462660730145,6.03998173793075,0.0377930823739658,0.806104354202969,0.0309888447597533,0.528214560206517,-0.963480535053902
-0.106349587865253,0.0612690304875594,-4.02053936919367,15.6316061565724,0.0062807723239977,0.0433169466216577,-0.789148420226734,6.30776355122161,0.0317383091624839,0.822209644817243,0.0310622687735681,0.52127720811719,-0.959959398565624
-0.100220092979855,0.059123310811319,-4.01490826094926,14.2171485821256,0.00596455432970164,0.0429496750584223,-0.84250627670908,6.10202866914203,0.0426185581474206,0.804863553562017,0.0308577680282367,0.527165765162128,-0.963026982677863
-0.0930269763016677,0.0597143113648568,-4.03963398327186,14.5639340071525,0.00589655342125586,0.0430879649385471,-0.850793348716016,6.46013671819485,0.0319237534014393,0.861632258206075,0.0310588817762502,0.527708838584168,-0.960393653054665
-0.111906043220997,0.071284977378027,-4.03090450296333,14.8849691491657,0.00580348188155114,0.0433059745416244,-0.874493005161103,6.79599221632648,0.0321412484160279,0.866675667737431,0.0312105922434811,0.523675514214741,-0.963216668735631
-0.131967143970852,0.0735019194094454,-4.03894544485017,14.720774744142,0.00573952081824609,0.0432811006259256,-0.881385233861991,6.81792776642334,0.0346251852123085,0.865760336614394,0.0309956253580566,0.535084775003939,-0.963059735179476
-0.116356036835593,0.0755210182733134,-4.00890875896749,15.062287697761,0.00583714412841846,0.0430817659492225,-0.890095976694741,6.50951136711852,0.0376695354064642,0.86059394100389,0.030789967078464,0.534500860870753,-0.958956695975055
-0.133362778683974,0.0913408132341613,-4.04638325509225,15.2612620661587,0.00605862382636263,0.0428855612491385,-0.886357867942682,6.61867144687497,0.0340276112709418,0.813561967657939,0.0304638798250708,0.505177993932833,-0.962278533779224
-0.102779472313408,0.0829569738626939,-4.04159518402402,16.6757179442312,0.00578793727919496,0.0429624319442459,-0.859840015604243,6.80624599059085,0.0350162951790496,0.805650669373181,0.031424303823347,0.479870108152456,-0.964524550632677
-0.144346616008843,0.0792541006426009,-4.04934765828065,17.9327471214444,0.00575376726927877,0.0427390884041088,-0.846197984517929,6.30004014384456,0.0368878337477715,0.821415212305627,0.0313974544833169,0.491470853916451,-0.963187191915615
-0.128544797040672,0.0771806374284952,-4.07538713191317,18.4696756173071,0.0060415069822754,0.0432324304707874,-0.8148059679051,5.39128660369455,0.0398881414646758,0.789158050872216,0.0317165210443038,0.487773400735815,-0.968128821450277
-0.136300990197508,0.0765946512568377,-4.08758450697846,18.1702930094905,0.00604747902836933,0.0435305825968378,-0.819439260308924,5.41494475719552,0.0370371871735494,0.734280101813366,0.0318097882997995,0.498207746174356,-0.970085957518169
-0.0882961906215834,0.0721035469878397,-4.08177320078106,19.5615500549845,0.00617931150544207,0.0432251476333882,-0.846395859407399,5.81867027598909,0.0349742034191349,0.781436539633021,0.0321457259247897,0.482343455035201,-0.966356504475301
-0.10094336382755,0.0732317835746777,-4.05159657704826,18.2811953901464,0.0061092667318097,0.0432476464158803,-0.847471391237394,5.23074690873198,0.0369174081131796,0.778411989693992,0.032268690671564,0.487531784522682,-0.967339429395129
-0.0848697211954565,0.0705998956072218,-4.07109802571759,17.4820562481465,0.00613572196769408,0.0429144556480426,-0.846728655203551,5.50504938542096,0.036769263291798,0.781525471492502,0.0320857863663573,0.512749735483581,-0.96885175771372
-0.108414088059423,0.0647435353323837,-4.08257014667134,18.9951560804995,0.00617607544904877,0.0421785763042935,-0.864586446672738,6.38109725494086,0.0348313972020373,0.820642026626515,0.0319987452503499,0.499717271634073,-0.970622445447606
-0.0933924849528888,0.0605183686919806,-4.09829614315766,18.2750078447735,0.00625245611317856,0.0425724962499996,-0.859580914192238,6.56725023302234,0.0312794900490318,0.755443954141416,0.0321765047911214,0.526582376621678,-0.972622225444836
-0.0868906310292391,0.0538664459960339,-4.09092408205311,20.059429638831,0.00617260087375094,0.0441650464430701,-0.892376545776863,5.70302644821291,0.0346735515708246,0.77361764382146,0.0327114327254053,0.543651879979598,-0.970165922341225
-0.0735735628501444,0.0573038733072557,-4.08508864021088,20.534738714644,0.00621451719570429,0.0444414649874301,-0.89933650543027,6.54063804462255,0.0346311101868934,0.816660260937346,0.0325975588968916,0.532002898474551,-0.9702222875891
-0.0928316171109248,0.0572916270196476,-4.11811842459379,19.9871508723863,0.00621012200757536,0.044428655357977,-0.906777999078038,6.91681742337423,0.0314216282797615,0.813174604659245,0.0329105455647347,0.524715273653582,-0.975755438921603
-0.12441908287292,0.0618222262060509,-4.07265567347102,19.0072822349974,0.0060897685767568,0.0450449389374052,-0.905544043602501,6.78539061413225,0.0321691019767152,0.823555383897285,0.032335160875644,0.504068881666287,-0.970362921364105
-0.125655263914414,0.0532595058919556,-4.05733082077905,21.5867110119636,0.00618943292955384,0.0452137630040429,-0.878780787456753,6.68103041329351,0.0393842993176246,0.762963364921622,0.032882534834377,0.482637746425118,-0.971029330678492
-0.114013341029211,0.048298124336012,-4.06579777688736,20.9348495117881,0.00650180441898638,0.0465961739191657,-0.895729027346164,7.25372744726593,0.0359328816090759,0.731084727478151,0.0324355625485183,0.516769017229869,-0.970669676018605
-0.117176330663249,0.0503973517288358,-4.12739766129122,20.4748254462797,0.00629664936338811,0.048994105507724,-0.875012462658422,7.91886523932385,0.0340228748432703,0.77323516557951,0.0327326661255827,0.51253985660513,-0.975861404128259
-0.116007150344564,0.0483168260819576,-4.12579297442662,21.224459367923,0.006207803488139,0.0491255047914146,-0.881766045428893,7.1097808615125,0.0348566167501877,0.800085744063,0.0326320631959055,0.516609727699467,-0.976998100871595
-0.123209980473686,0.0454099084477162,-4.1259559038342,20.6402724324874,0.00627511581333034,0.0486941186837869,-0.891065595395774,7.11690776438202,0.0337563332675716,0.78271286828868,0.0329779715393909,0.518499426297253,-0.980295207069578
-0.0983237005589358,0.047704240956624,-4.14009927252787,21.0203306877523,0.00630444340476014,0.0488302298875219,-0.888385221404754,6.77661419306438,0.0391182104509849,0.772960184218675,0.0325814055136658,0.550807029766782,-0.980190601921288
-0.0797236758291326,0.0555727994007963,-4.19384734979946,23.2513840101569,0.00640451285866473,0.0505136205622597,-0.89482216299453,6.21785338594922,0.0362782593700101,0.77289677902424,0.0324231544252818,0.5483958912527,-0.978146100213131
-0.114507793943469,0.0551184879251844,-4.1424743568811,23.1569322076476,0.00638026251172754,0.051130755483699,-0.879462298953782,5.68591792609412,0.0344479461731909,0.792216720367211,0.0323087651127161,0.543353098560248,-0.97677623147052
-0.109850616553008,0.0562743973314473,-4.14781225921904,19.7705687764547,0.00657949166423831,0.0505865950166057,-0.902875249727281,5.08295000323895,0.0376356165988706,0.838494455187971,0.0327681095715521,0.539693431476178,-0.974842625563698
-0.112475992120527,0.0552521628971042,-4.16093921891824,19.6783495215179,0.00664070817891638,0.050262576135159,-0.896031022655758,5.14624808889811,0.0397194389569253,0.847672146565394,0.0329858559148665,0.529687016207888,-0.974931652794425
-0.0552013313193811,0.0540030508460563,-4.1496600635063,18.3127695302929,0.00648161008135377,0.0496089050929577,-0.899756150917497,5.20943679303624,0.0350949758555811,0.861023596724073,0.0329180136816189,0.523483857183934,-0.976444180758451
-0.1105648784014,0.0525012755251573,-4.16764226413775,16.8321749046793,0.00653784750479672,0.0489811172816468,-0.910018724005314,4.85549521119831,0.0359825438620115,0.892542159684874,0.0330718626051796,0.513904097370559,-0.974182239057857
-0.130499248252454,0.0530109709352186,-4.12748014632544,18.7084696075634,0.00641710097370676,0.0489755980991576,-0.92730913215461,5.11010801211058,0.0345399219979502,0.85850198619154,0.0329090180206005,0.536530522852265,-0.976506466082294
-0.135595136835072,0.0524151183146777,-4.10883837945245,19.1034103803519,0.00647085102459354,0.0478703776905325,-0.9251232459423,5.0123089458133,0.0378596281679802,0.870515778975456,0.0333403664907258,0.534686833498564,-0.975172540879948
-0.113370051942865,0.0484378538429881,-4.09023595743137,18.9237303935849,0.00697466023127471,0.0469877601006875,-0.906377800915547,5.27850870841348,0.0391004239661078,0.857392959782334,0.0335939346272235,0.519959779095755,-0.973182853003147
-0.10673816473371,0.0451665544382272,-4.12368464457931,17.3692697762071,0.00713970470351719,0.0458125716888538,-0.904008444429143,5.94380358565828,0.0378181328173392,0.802246526423505,0.0341099761622741,0.512817136840169,-0.976929243761122
-0.0985002942550504,0.0447004538637669,-4.10836258997301,16.8332639258141,0.00739222088985839,0.0458789827253792,-0.895929526673146,6.04046340031874,0.0371045424879841,0.802999273516938,0.0338778027633011,0.524544049736313,-0.977468122106812
-0.100334712193548,0.0434397256097429,-4.07747335910526,17.9702235854185,0.00707180229698849,0.0454398346372226,-0.881073760133754,4.58627519004423,0.0422090223625018,0.763958575464121,0.0340088159624553,0.529528862411329,-0.9773437503168
-0.0774671201253661,0.0466099217368094,-4.12725095501566,18.7501080573856,0.00698222377186373,0.0459935637116454,-0.854012093405476,5.0425725263087,0.0405543520967705,0.762612016012306,0.0342870718444247,0.52982290532408,-0.976536058717686
-0.102822985606364,0.0467097603007289,-4.1446572464911,18.3774125367889,0.00742537725275808,0.0463465467600677,-0.81398408592804,5.25985116872352,0.0390373789804614,0.798846961245937,0.0346780525160843,0.558260825330043,-0.975418636455449
-0.0901612428925816,0.0465304055304347,-4.16061024788066,17.9941986590657,0.00736609834276659,0.0466034885911205,-0.819935995825162,5.29901034058503,0.0379209597816449,0.81631425980851,0.0343323465255412,0.556270175744084,-0.975133205950419
-0.0936298733048546,0.0484481646100608,-4.17683794528664,18.7129047347792,0.0074548844387752,0.0469120885900498,-0.782250638804025,5.22877027399884,0.0367102461354619,0.798987477167273,0.0337993995115943,0.556379591189581,-0.972425693865106
-0.076396856001613,0.048158000784506,-4.12134766220948,18.2287513999149,0.00734886762595963,0.0467373648455742,-0.818311502432443,5.48083485746079,0.0367079418055645,0.854516317129028,0.0326520094784002,0.586665431877197,-0.971810451197033
-0.118844175132439,0.0474059369443424,-4.10126557244067,18.4405778357348,0.00741804277239468,0.0474447315469338,-0.8076721368475,5.4705647545395,0.0360808051819385,0.794538041497049,0.0321597903270605,0.580882005335645,-0.972651283461373
-0.100934527845737,0.0489115166645876,-4.12291154894837,18.9774735780411,0.00736068791408441,0.0458751458474397,-0.780768687128667,6.15251084289478,0.0366672514341675,0.831832743503955,0.0320646275090584,0.571559415887859,-0.973476713916775
-0.068990968007256,0.0375895115509835,-4.11094728517286,17.7693765923647,0.00736583754999734,0.0427588508869018,-0.748980270155696,5.58006119725708,0.036865583981848,0.850136391828166,0.0327943078270042,0.57716645393155,-0.97712484167485
-0.105461583174547,0.0365037195894235,-4.20728962689875,17.7906180990723,0.00795709739837555,0.0443438111520032,-0.76467882352953,5.50550810847763,0.0329977763799149,0.871239785017969,0.0320386975562737,0.615838256392439,-0.970236070168976
-0.0655887172541179,0.031877111564143,-4.20085396777841,17.8854666177474,0.00794889969377482,0.0457276057171628,-0.7744653984178,4.80967974598905,0.0407481053227255,0.8651912614344,0.0318493146163077,0.612631695365959,-0.968161113577701
-0.134710887703899,0.0305287965520401,-4.1552465909436,18.5186620858033,0.00780119528719793,0.044674944456977,-0.744475040454155,5.21903363773791,0.0421391621655315,0.82096191163985,0.032102198177008,0.608344714065993,-0.966271080256959
-0.093899365674321,0.0283017332606359,-4.11720444067865,20.229332487488,0.00769021639632978,0.0444610007220544,-0.744643529995576,6.05068620377454,0.0358562259209233,0.830470049028344,0.0321172571827089,0.584466399127926,-0.966861454189154
-0.0931443827186395,0.0291917447510158,-4.12684450498907,18.6732549204175,0.00809706460003188,0.0444199085904983,-0.767573385524601,6.03925176983433,0.0367870061174484,0.795429047839205,0.031785130755018,0.617413535648401,-0.966829581387179
-0.0728888830488806,0.0258352289822909,-4.16100251842363,19.4492328519833,0.00826007334319771,0.0443822990928411,-0.737327613410023,5.4008191882092,0.0369266016245358,0.86381206025991,0.0316756740659783,0.585456344489832,-0.970530256407581
-0.074365757460828,0.0239285314426716,-4.14094922319841,18.5964519649742,0.008435471283868,0.0447663013115313,-0.761392437725997,5.04876969140468,0.0411817252981795,0.857893842692687,0.032477087258636,0.580895852726175,-0.961506643505374
-0.0868917601744498,0.0236174904034675,-4.15464307279125,17.3596659784035,0.00871310776206386,0.044361592425711,-0.803309404638655,5.64558958683227,0.0348986194482519,0.837906113507705,0.0323295812951664,0.567167906021941,-0.958973609373912
-0.0596938564579976,0.0234391936002511,-4.15919757613889,17.214340920524,0.00839117806982537,0.04454035282394,-0.774773477831103,5.14133648088208,0.0362456705346283,0.830134443962481,0.0324482646598796,0.568678010472113,-0.959645955448808
-0.0899927210930727,0.0235256217793807,-4.19299104749763,19.1939509431286,0.0081582316707652,0.0446143699167407,-0.746597985040087,5.26508233555556,0.0388494141244653,0.88488791575365,0.032057279379353,0.588230258304171,-0.958789972546802
-0.0789372005227493,0.0248302175285126,-4.16251832551048,19.5471898550533,0.00829969158479852,0.0437991417135457,-0.736363241402331,5.18113299216417,0.0376958472597717,0.851664369767495,0.032163515165253,0.605539663975724,-0.962671600634507
-0.0848467857457377,0.0257542853334429,-4.15477799027062,17.512253569975,0.00817028336326507,0.0438587740040409,-0.680523590907186,5.36918861106985,0.0376484470873248,0.886492375198323,0.0322364718011607,0.588046489486016,-0.961653087991736
-0.0970703465543008,0.024288798432978,-4.10507651509858,18.8764424597632,0.0087241689173818,0.0449177676411895,-0.70316273133829,5.094389029728,0.0405375180706315,0.884018971389859,0.0320625800064988,0.623110864477163,-0.96411153229648
-0.0740324781721796,0.0275543930833507,-4.11268306489182,19.688101413709,0.00904920771060648,0.0455198731139537,-0.683341606928848,6.16348900438937,0.0302422289696829,0.900437724932263,0.0322862461998163,0.614787586705942,-0.950910015675997
-0.100904241777627,0.0304947528101406,-4.14922026530612,19.8938890507901,0.00908566529678803,0.0449340134388351,-0.650523927947082,5.29902262699927,0.0366540742838773,0.903016843112058,0.0320279364474259,0.636203326316374,-0.955485398689466
-0.115737469934496,0.030611394566881,-4.10407019162215,18.6850581472386,0.00895213792520102,0.0454071616422034,-0.627736177384079,5.45582381284793,0.0375609321112237,0.90517082656461,0.0314673759616166,0.620153642005293,-0.962641776909472
-0.106166040201276,0.0304406582974805,-4.1039982685173,19.1089678167277,0.00891735011435949,0.0452333028148408,-0.618827789879614,5.79366749956384,0.0384925229040738,0.91266473648186,0.0310691403768148,0.606648669233731,-0.961520936785669
-0.114651872775693,0.0314724712421901,-4.08615721323386,18.5773852653947,0.00824144276503255,0.0444117641076317,-0.618766718553767,5.57196815442807,0.0413299004397777,0.931013879860343,0.0311033697549261,0.581491334801799,-0.96401549369691
-0.0990488980782701,0.0311377029366559,-4.14861805950478,17.1687914509918,0.00808011819284757,0.0456890607894303,-0.652478323972556,6.14730662947586,0.0355969783929665,0.882693621541525,0.0304239246014141,0.577286291307907,-0.96731292729102
-0.096420294159663,0.0300380676169261,-4.12457303971526,17.6620404710725,0.00835439315610303,0.0447398885605519,-0.720967228078543,4.7005894024694,0.0348927576033222,0.857385136146756,0.0300971551226536,0.57717222535927,-0.968552775950206
-0.122399679004097,0.0308221917369446,-4.15537038386322,16.7298617569262,0.00846248925021579,0.0441143236061377,-0.734459752032624,5.06087495042371,0.0403936996665426,0.873360453803771,0.0299428038140004,0.576983813715095,-0.969643283988766
-0.0958589773533014,0.0328627408364404,-4.08106709090955,15.7836850259114,0.00877388634513487,0.0435543681753164,-0.819004542942265,4.91404756996482,0.0374266270078089,0.854204956301197,0.0301699769825051,0.606885242325412,-0.971650370184602
-0.101280775518578,0.0327873972065234,-4.0519914537533,15.3623268090234,0.00860943702444565,0.04157698525298,-0.788331194172433,5.36175792060861,0.039325434708296,0.867226105246584,0.0300117985246007,0.669663335639518,-0.973031513180668
-0.0822816203884669,0.0349683354778421,-4.06186862879764,16.2445124857228,0.00845341841707799,0.0422857989743183,-0.792768543541052,5.42191851263337,0.0369246954815659,0.833839456095325,0.0302999913777063,0.682923491989755,-0.973818847884599
-0.0891458559882564,0.0389524327818527,-4.07968970696384,16.3696220365163,0.00827112523504068,0.0438063131666944,-0.831050968385837,6.12804897753413,0.0379252465693576,0.913146440392616,0.0306770730987847,0.694608279377109,-0.976879035980798
-0.127499698482237,0.0373296679193534,-4.03812761716942,15.9427847771729,0.00846839382257962,0.044098833402503,-0.806853144792243,5.89090634640902,0.0388596177914983,0.856847787243826,0.030765201135318,0.692984432383049,-0.973277417927827
-0.0881382439182209,0.0326317166458816,-4.12493819232309,15.9708593134946,0.00845866317394886,0.0428310096578517,-0.826951797995695,5.40078294636452,0.0402555051987765,0.881392047674971,0.0310189816261085,0.72905650527638,-0.974812489778931
-0.0877748278224529,0.0333490328264374,-4.18965064430891,19.0058166618606,0.00812283646227482,0.0437444644304768,-0.793346018374148,4.97460916945318,0.0383554116392671,0.895769024465274,0.0312047301540982,0.727786398230113,-0.97389088165386
-0.0911939605876565,0.0307294251937687,-4.14529232755747,20.3070187358928,0.00826634263343856,0.0444856141734139,-0.800816690673985,4.670192478247,0.0426319067487216,0.84567385298934,0.0309617317282291,0.704701559925187,-0.977243687195143
-0.064535771695985,0.030659299549707,-4.16883717065483,19.3985275484868,0.00846447661121461,0.0444254749767732,-0.803466324395753,4.81673454144109,0.0375131315611382,0.85045362755984,0.0310901387202042,0.696986884506796,-0.976379140879509
-0.0923724873603818,0.0280889161965095,-4.09706147299648,19.5761873087192,0.00810834418221724,0.0462958878741341,-0.850290841122567,5.18898344258077,0.0369692256543568,0.8373635900688,0.0313960409845517,0.682245961755687,-0.977561910591779
-0.0500099434993183,0.0282202312918479,-4.06889438492797,19.0383350675487,0.0082022336240255,0.0459794031866511,-0.880332272198245,4.84032358870571,0.041959255260513,0.835907540923495,0.0318947944091662,0.661395445565904,-0.975679754483147
-0.0569269188932124,0.0274026690575946,-4.03354453742753,20.1279242199117,0.00867098780312186,0.0483450396368475,-0.854875392275274,4.51346096441774,0.0396495739825513,0.869559023530173,0.0315616286046764,0.632158433224176,-0.976931218916731
-0.0586135717119899,0.0272198239174692,-4.00792346071834,20.767576798001,0.00792942277323359,0.0484763823590023,-0.842022234688874,5.74978112001965,0.0343973840277619,0.857858773030623,0.0317922873938319,0.615462160183728,-0.976636637673594
-0.0973944058364313,0.0306941949458368,-4.0599159768167,18.4920690872263,0.00836071794578867,0.0471295293748345,-0.840876940556234,5.71400113500694,0.0383207486780864,0.90978086956318,0.0316153595199168,0.603909983468044,-0.977072569554935
-0.0680183963846301,0.0252346220130434,-4.08243241664778,16.542448787478,0.00876279254710235,0.0463299300980132,-0.820073436026615,6.64224218836077,0.0372174980056965,0.85467276762802,0.0320565362020757,0.630859080680264,-0.973826761552471
-0.0769736236612359,0.0270036508059082,-4.15122799576422,18.5302478017079,0.00889014220198231,0.0457968066209012,-0.861687697546464,6.62641500918362,0.0397072580926195,0.814607048686015,0.0319469505703714,0.670005526369642,-0.972045209081013
-0.11019583111444,0.0251022775538687,-4.1773138202833,18.2385796671737,0.0087678558158632,0.0458625467134972,-0.866896178890162,6.78502071651424,0.0434937298149998,0.779169556352454,0.0322484897284704,0.664862984739724,-0.972748166467541
-0.107352060851778,0.0213046444796022,-4.18232898827153,19.6349675155316,0.00924491320953913,0.0469977245430245,-0.866723484329479,7.02878084758997,0.0360584805257319,0.771016973032567,0.0328034806848511,0.635434199595262,-0.969943688432908
-0.1041889003868,0.0229237080968609,-4.17814522001555,20.1697810808866,0.00962923027465497,0.0483387769283234,-0.758715106812098,6.87011421999672,0.0369890463458953,0.822398530849956,0.03183192903913,0.641570608413453,-0.971367165697027
-0.130951341331613,0.0233037142233999,-4.20376784050796,18.3356117812504,0.0103900388465664,0.0488069018426271,-0.729888194268155,6.83297147892136,0.0367482206076441,0.886960521529986,0.0315086756443366,0.600929175910526,-0.973886432197949
-0.139194938478024,0.023332542670372,-4.19123019976458,20.3369554030575,0.0106850980578127,0.0477209811192432,-0.760943814886889,6.56873185327323,0.0392041409987437,0.855957487908886,0.032252291844328,0.616132732625234,-0.976790259319834
-0.0953565103537007,0.0229466642303402,-4.15641112715455,21.5014161570003,0.0113418647264671,0.04848055661274,-0.682678534693061,5.71243565425967,0.0427279727584122,0.915945176566113,0.0326077027369064,0.57574358557795,-0.97428218610153
-0.102872240166407,0.0219252033579977,-4.1401823277894,19.5382730449959,0.0112192630411393,0.0484284367759268,-0.646778764829712,5.34377648409006,0.0369834613145209,0.835444963550423,0.0325867860065316,0.598573695009128,-0.972452225837779
-0.0994621294754797,0.0228007036714565,-4.15614866209472,17.8440808925543,0.0109456544132885,0.0494270597448115,-0.645186580872098,5.71263490007126,0.0372695817913249,0.798786917122821,0.0325199830670623,0.62310093486996,-0.968602037190049
-0.0821582539971786,0.0244648831867016,-4.17198043796482,18.4129527894644,0.0114253380706801,0.0485334723487013,-0.680313471509328,5.82046737906394,0.0371043851728085,0.844126570021065,0.0323595446946958,0.61292989913948,-0.965357501884702
-0.0731023852543571,0.0245501454236963,-4.19416951228534,18.8833851628346,0.0114767067945424,0.0494493357288114,-0.711397694987309,6.62193243131681,0.0352829248488295,0.834229605417733,0.0324591996695486,0.619081847565652,-0.960619650783239
-0.0905456008923788,0.0209513768850897,-4.20294942345885,20.9891904961271,0.0111536203617078,0.0496471434465959,-0.664768999627489,7.07840526460646,0.0365843875430153,0.825395888672356,0.03207791204028,0.601268912706499,-0.960358035939183
-0.0904245959483304,0.0206388763407081,-4.23940608861177,21.3516227984362,0.0110201624222346,0.049232290410823,-0.65044077279505,6.86215657818312,0.0362537527369755,0.823514875738776,0.032372725525096,0.611759054330773,-0.960069388649721
-0.0974172043928086,0.0207509115027355,-4.31003632199571,23.1698850239498,0.0116314635891802,0.04777076888078,-0.562324280045417,6.31837574644252,0.0329207731160015,0.884766276413223,0.0316642681878265,0.626573005008383,-0.964996138374963
-0.113202022345726,0.0225293391470829,-4.32755863093243,19.9273890975026,0.0115939483504412,0.0485338129460332,-0.558645688855971,5.42377389565251,0.0395910751450081,0.877548074576447,0.0319167817834625,0.645972742428103,-0.960862575051817
-0.0945460293854827,0.0233632944333075,-4.38919816822141,19.1794669997717,0.0119695867471878,0.0493938070561967,-0.534633128573785,5.09868113016619,0.0419414931404179,0.895664247948777,0.0329730282809772,0.62132136100487,-0.958839751195831
-0.0726266042657203,0.0260342224318962,-4.40131843244898,17.5900984643987,0.0113843065150103,0.0500102757880018,-0.498449312179839,4.9890893823875,0.0421709124244805,0.903283933233382,0.0327346870790802,0.607013655328009,-0.960220700166002
-0.0877180075370856,0.0278311161252816,-4.40820212853023,19.9529392391897,0.0117675945036044,0.048238847308453,-0.488001518196203,5.12953886487399,0.0374748091480498,0.886181311989669,0.0332535995077474,0.630672153091594,-0.950356833784409
-0.0926596744410527,0.0296345706070851,-4.39684955950778,21.4551278619562,0.012356431383224,0.0485217666684442,-0.509467952274821,5.40206948131006,0.0367375280696273,0.866175264314372,0.0330879122825126,0.632918693073164,-0.953014002364136
-0.0843229357647857,0.027041291727666,-4.41807958964967,22.5575126872361,0.0131005510032419,0.0492252040081355,-0.522570166494469,5.66188822460025,0.0377181427698046,0.864894478226431,0.0330549681277424,0.587848316887078,-0.956111478056459
-0.103834105747224,0.0283654610965439,-4.37613899633901,19.2728742544343,0.0129563447179273,0.0478884941669046,-0.619334961340994,5.51511366546929,0.0368544247813503,0.873761763630163,0.0326839603000447,0.577989566318988,-0.94985984906822
-0.101515338389155,0.0291648986844655,-4.4471028152486,19.0565230628989,0.0135952278233191,0.0491566261772111,-0.565504300034044,5.73942129264997,0.0380510841798094,0.903194723710572,0.0329616699059812,0.59120190810472,-0.947286063093986
-0.0724584481356275,0.0286500689746404,-4.42146284304465,21.1363257813612,0.0132230801648266,0.0496078855527774,-0.66897182151445,5.29907555399698,0.0355691972169098,0.887353542352061,0.0326159469516982,0.590053119354099,-0.941911842475673
-0.042029895364634,0.0280850197820619,-4.41584763056298,21.8265913944454,0.0125344215025324,0.0497965408539664,-0.653619809490589,5.10013737651828,0.0382480217425282,0.898770118719018,0.0322785665442081,0.572199766286485,-0.94387774625965
-0.0680378545413332,0.02780163155596,-4.40569736730683,21.8282575387793,0.0130692296283284,0.0505147117015394,-0.693535207898052,5.34334260080668,0.0364770032245922,0.885009233106371,0.0323930940811079,0.590992243906887,-0.931123484896428
-0.0672467386634111,0.0282684300605287,-4.41568412368588,20.9905305501973,0.0130029191139909,0.0494556424579648,-0.692939037462147,4.98173280046707,0.0348100970421117,0.909630611313155,0.0318770979624111,0.580891126677348,-0.944900533537833
-0.0579699790434097,0.027848637110026,-4.41226888694184,21.801452448228,0.0128116301604,0.0511111511970892,-0.667461096582856,4.11236908115526,0.0396112304520489,0.977053459573924,0.0312402396375066,0.594639260473424,-0.939576975230529
-0.0665889592653647,0.0259698102411551,-4.44373572068742,21.3888548867465,0.0126065747673035,0.0500754259039666,-0.619971990478754,4.75686121418055,0.0415419562823286,0.988771882387835,0.0320356189035319,0.617482808869347,-0.943777363188085
-0.0541617309662465,0.02650873510103,-4.52378906105607,21.966516480996,0.0135031296242411,0.0517078319072364,-0.503394768119846,5.06328350030615,0.037269611379807,0.967339393019534,0.0318110867923339,0.652004272881893,-0.946370759384357
-0.106440960553176,0.02548359349523,-4.47507385515926,23.1346321841866,0.0131424403842743,0.0519865362649395,-0.606508730572455,5.25939406601678,0.035860468916834,0.958028742778751,0.0315987542648724,0.670520305729629,-0.949753667309542
-0.0713495313897935,0.0215351238829491,-4.47188107336688,22.2051186737973,0.0135075059676396,0.0532511024051234,-0.629826160010771,4.53497234034675,0.0409365661762971,0.953355241741175,0.0317705244414447,0.590439587323102,-0.961442185610421
-0.0218804367769441,0.0214707294162566,-4.44236894192118,22.0774605323928,0.0129666314230571,0.052329828031806,-0.754705089069184,4.69133027021499,0.0356391594512085,0.960031886799409,0.0324242255621915,0.619945306882455,-0.96856355124547
-0.0533562621699928,0.0249343915811751,-4.46403834302352,22.4983964466303,0.012446856348072,0.0532821116874608,-0.744312218248914,3.90547391413749,0.0413273660664542,1.01323943498235,0.0322254968546442,0.626316222057206,-0.970977934906232
-0.051452931290562,0.0257570126005574,-4.3244214585128,24.6692577959796,0.0122794191398052,0.0515953929113252,-0.730492834919167,5.00187956264253,0.0374962387328948,1.00519031325535,0.0314582693145373,0.635077200369411,-0.971042034894105
-0.0748871111560026,0.0246961635063062,-4.32536612305041,25.0003913855749,0.0120035753151794,0.0517494002232031,-0.692553263231686,4.96092098422297,0.0368884022077405,0.968699626546732,0.0322411876335598,0.640856528152416,-0.970166834765313
-0.0668924028500826,0.0229247921322602,-4.28037479312671,23.1775820801235,0.0114681525203339,0.0512215714901574,-0.685124708158846,4.68170229434282,0.037975026934021,0.984754582857917,0.0321261247550905,0.627322082436541,-0.970595307378914
-0.117672378344285,0.0228220236285366,-4.24463589227185,22.6094386704808,0.0112534969004575,0.0535425722456777,-0.547439774595428,4.91016489750823,0.0375878070112289,0.879754574352466,0.0321527563360907,0.597148086634761,-0.970382914556978
-0.0479512265393218,0.0213279133289358,-4.26716564894665,22.3548396620879,0.0116898648430226,0.0539829646255812,-0.620048423917046,4.75785764835787,0.0396577266112316,0.942105295337898,0.0329497180225747,0.61030775104469,-0.972646287024479
-0.0825340592765603,0.0234701299584769,-4.20971661539776,22.7626739906967,0.0115783663624164,0.0555243229119649,-0.689889702108268,4.40186953119137,0.0383514406792721,0.935249885752618,0.0328178972171752,0.615676400570862,-0.97431336547479
-0.0641248222875732,0.0243150071233739,-4.24821839101504,20.3323334171206,0.0118056421140739,0.0546357820271114,-0.641933276883867,4.85103525845339,0.0409641502748637,0.919935873384229,0.0331567102472108,0.611181032862491,-0.97528212209473
-0.101387815176528,0.0191554637102787,-4.25254755826624,20.6601286410179,0.0118440085321876,0.0560520399453083,-0.622424790070211,4.68758052369129,0.0413738885825085,0.932409036294846,0.0330844405320813,0.617413267627523,-0.978219361162201
-0.0414587044753143,0.0235426521773104,-4.24915210911226,21.2659769722361,0.0119066771967908,0.0555300322316118,-0.641648769774646,4.1395752092891,0.0382850455020818,0.929576823009465,0.033379689499556,0.630324838610739,-0.977914733440942
-0.0853451472437506,0.0207502729820373,-4.32406457862758,19.4641836493568,0.0117479909289019,0.0563036197831667,-0.588037717634646,3.72690494338725,0.0435715034556714,0.892554332896815,0.0329648859715926,0.674093724521706,-0.981358760988313
-0.0917685388774433,0.019941426701171,-4.27530829668924,21.4493749380492,0.0117327069255281,0.056117417348437,-0.559447537042143,3.79784097631653,0.0386597631536348,0.90733952211809,0.0333206910097017,0.637032985367696,-0.981793506648532
-0.0655060938207381,0.0201921586673373,-4.29609933549775,20.2749076199575,0.0120647955682587,0.0561781732199936,-0.640011024903853,4.40919127163921,0.0410398361872195,0.938029081636997,0.0337928106652643,0.63890868344334,-0.982890167682626
-0.0607937886193196,0.0197656113938945,-4.31323927574382,20.8410610420882,0.0115112415072903,0.0559551619340177,-0.444048139349537,4.86115194044933,0.0325825273710812,0.893350423631191,0.0337563900224547,0.627846033397285,-0.981266616109172
-0.0873395050326758,0.0207177627758635,-4.34095993833128,21.7251150420955,0.0116868360233641,0.0566298376043723,-0.516440460973983,5.20012612109562,0.0382872924707094,0.945137521025148,0.0339013083427464,0.680955873399834,-0.9766389889241
-0.0645444605205866,0.022321920404184,-4.3289007978367,21.4065473777209,0.0121987306113755,0.0559889948054085,-0.497092528306782,5.23640718211824,0.0404796589930154,0.950636597180233,0.0340193878495079,0.686747343945695,-0.977524085955815
-0.0700909917787323,0.0219178375361359,-4.30878885595637,21.9449495403651,0.0128666848329647,0.0556811737383262,-0.487038267598149,4.47442042231751,0.0395288506499051,0.881578739394518,0.0344156720178583,0.648722961607024,-0.978929869927348
-0.0568868996875528,0.0239134947383679,-4.29342529107176,20.7295398194164,0.0132252920880944,0.0564800162709861,-0.42605118628091,4.16547282421878,0.041197823006864,0.88234663656592,0.0350049059459554,0.670311369218485,-0.981446601056672
-0.0653722426837139,0.0218795072210575,-4.3371658086024,20.4916327838903,0.0134356018118498,0.0574025718055376,-0.360632093618819,4.1064070765067,0.0376763028527928,0.934226150349012,0.0346756103108311,0.659820670043773,-0.975989760172001
-0.0456644413686096,0.0194489593879139,-4.33994655776746,20.5534276348515,0.0126647183511659,0.0566202564703717,-0.57202326654918,4.40824689451739,0.0379644672268143,0.917159183439509,0.0342831972449931,0.62236948924869,-0.973925237293116
-0.0521020481586003,0.0180370655777316,-4.34621318315305,22.0801254329006,0.0124109975482567,0.0592757687171269,-0.67734386205047,4.62267530438978,0.0379078586946151,0.901765288797474,0.0328059456580164,0.63717474912644,-0.975963563030989
-0.0458992666454786,0.0177162708192063,-4.38243255632853,21.2738750379266,0.0110126104595119,0.0596402613775449,-0.770496604517067,4.86686472660317,0.036375261526375,0.93080366308873,0.0332066798268248,0.627203593944096,-0.979919120113839
-0.0571594535824142,0.01702167800264,-4.41998614930143,21.5536074766518,0.010552149108915,0.0588517751489698,-0.760862203788371,4.25259714591575,0.0377461145843065,0.945965904975477,0.0334879584199855,0.645103704839344,-0.979502359855062
-0.0591529476499875,0.0188787514827223,-4.42030824773625,21.1385302941269,0.0109940559439695,0.0582968278795343,-0.651676781349807,4.0930055163204,0.0401173589180618,0.872810122704896,0.0333096278893456,0.657151338111228,-0.976309274926487
-0.0493857993047159,0.0185932298964977,-4.41574203456882,20.3923380488574,0.0109878767459776,0.0578309062901785,-0.617425569431125,4.50316474486863,0.0385848507570368,0.930921395681266,0.0339971546903062,0.646592295835605,-0.975905911473732
-0.0720798595272083,0.0171578783386427,-4.4113508555123,21.0532141865704,0.0109852458765627,0.0556808871462001,-0.535919465436173,4.69710750345204,0.0385424024509907,0.962848222787717,0.0343738963339521,0.614055498014708,-0.978007299825073
-0.100505288567861,0.0173428090654851,-4.39058579357724,19.7451459205788,0.0112331607202843,0.0555500367061701,-0.510334664656332,5.36826679321377,0.0410546856158154,0.949186954107499,0.0344160166329167,0.633080040290806,-0.975997362701076
-0.0851827860700101,0.0171316756171492,-4.36864065109826,19.4736269488133,0.0115030846064879,0.0556702715321319,-0.419687299682059,5.58919618811665,0.0378097008115158,0.958594637212049,0.0341722677872436,0.620947615364304,-0.979509222518753
-0.0707859338510459,0.0176768704826311,-4.35555628277937,19.2255502573412,0.0114039205459919,0.0560927721787449,-0.449020356409259,5.21998976173189,0.0357462649990915,0.935445616076498,0.0344276265225462,0.624630190166472,-0.980201772646283
-0.0632155467314506,0.0183526986757569,-4.37360428338578,19.6355837009901,0.0110961808638347,0.0559913211907742,-0.420544853425264,5.00856628355473,0.034983367691143,0.961301127476652,0.0343318902956755,0.614450138425922,-0.979265107311621
-0.0926106724884396,0.0195803938642738,-4.44620258151924,19.5428069716829,0.0111615720938973,0.0580052380025566,-0.272589623767757,4.91748409166569,0.0398165132138096,0.916666911636493,0.034559252668955,0.597078226440353,-0.982633367147589
-0.0558022519894926,0.023034990518001,-4.48012741236767,18.6261584084534,0.0112023087315401,0.0580954026111551,-0.364908735481993,5.07639715782782,0.0395795462434164,0.887069464175867,0.035147215568028,0.576207237238088,-0.980812639758223
-0.0740837991641979,0.0248317488108988,-4.40641056213767,18.6675544873792,0.0107994450547135,0.0589642183579927,-0.27334325538147,4.80580805637618,0.0380582366271624,0.871577821699545,0.0349978657127306,0.56996243965765,-0.978157099926947
-0.103132666087302,0.0251026610824697,-4.37806458072907,18.7954303423282,0.0105778709249744,0.0591097132046977,-0.18649887317372,5.12769668971409,0.0391403449300401,0.836553676888726,0.0344722274753389,0.572221458502429,-0.97864511362972
-0.083157567702349,0.0246384196364684,-4.37336519515574,20.1693616748072,0.0106554221660161,0.0566827362568955,-0.277036293605847,5.34178422037784,0.037566619755465,0.835929762839886,0.0338872775224378,0.581208531875999,-0.978417547489081
-0.0888352726626353,0.0218774541079975,-4.3128344040724,19.281040158494,0.0109321479930601,0.0568769531864867,-0.24796651302767,5.02563287535387,0.0401612402925083,0.742875610017979,0.0337037641415873,0.547757277794321,-0.978647526477773
-0.0649916761275581,0.018949372517361,-4.28700629727003,17.905645108451,0.0107899464767885,0.0568329275495459,0.000280179867308949,5.23248762773014,0.037685263897858,0.786260258472366,0.0332351990821112,0.58302543919627,-0.978320478123747
-0.0519266594589297,0.0189151226376243,-4.25688236761725,17.0036299390072,0.0113128277655932,0.0600152449934398,-0.0650737306075033,5.39496637622094,0.0347770172947327,0.810508660399918,0.0328604784590188,0.594029001843372,-0.981377924267004
-0.108938902704629,0.0234836070156768,-4.29168179990502,14.7036412311014,0.0106965492352523,0.059741595069252,-0.0617858008704465,5.03871988209262,0.0397716242019782,0.805551019031366,0.0318083911392722,0.604142558990564,-0.980511431247762
-0.105125206246484,0.024054339268765,-4.30546404115734,14.4252902399632,0.0109180364253191,0.0593903870925511,0.0653509221470839,5.29573602586773,0.041240345752706,0.792464666282612,0.0316476041290598,0.603138442927449,-0.981360033339278
-0.0682301422545176,0.0260941008060364,-4.30927825963445,13.6869108160952,0.0111696981073051,0.0604868639593508,-0.0211442904290982,5.89141732510999,0.0410942757740388,0.762137813764129,0.0313310663255999,0.631067582783653,-0.982396173387586
-0.122442718907265,0.0285081260581063,-4.31100604921174,15.778184391861,0.0110892016427078,0.0601074263816617,0.0681693379264134,6.20357215574017,0.0360412478988225,0.847965703714246,0.031744128650066,0.587375058820267,-0.982457288256024
-0.0801921263428064,0.0280862395112149,-4.38834408520411,14.8742197182954,0.0113215705224185,0.0623226923833347,-0.140982060291821,6.88400615311674,0.032774980420206,0.827970156236123,0.0317319386411053,0.581316766851066,-0.98122965034588
-0.103751225040136,0.0267746090705953,-4.38609911718658,14.8765536501778,0.0112551007422296,0.0597382440199217,-0.185338593872048,6.92892281351777,0.032626457249558,0.792977575022665,0.0318364394342088,0.575497458373982,-0.981347216693836
-0.125214348785424,0.0291133822983712,-4.36810101782304,16.3830487923791,0.0112414232117876,0.0591741736615352,-0.270740313513829,6.99760796599534,0.0377694391776196,0.781459305839302,0.0321170873211333,0.558128230561084,-0.979139238770487
-0.125359380194386,0.0299588991119825,-4.3983653077551,16.6928884316707,0.0110748973309237,0.0574465238876501,-0.174021484746138,7.20228932360612,0.0347258044669363,0.738564897108639,0.0321461826366329,0.563544227680724,-0.981202022570271
-0.133714035049645,0.0302622585830871,-4.34079797693215,17.4028937040333,0.0106531851625924,0.0567063594980673,-0.138582574378427,7.80812114789709,0.03522938553933,0.695034816188643,0.0315217821183252,0.599217588219092,-0.983730391561218
-0.116522778792239,0.0288691767079951,-4.3170155966543,15.6943026088269,0.0105131931798017,0.0553235461308868,-0.175755070692191,6.98717284785296,0.0376265999870077,0.69335323763627,0.0313603369163043,0.594779768643417,-0.983931170691339
-0.106726612095031,0.0327124859594781,-4.34079795996621,13.9282728888315,0.0100312428237566,0.0554948492099195,-0.228058279024691,5.84087388008039,0.0364633452981079,0.737577724294891,0.0316674624805878,0.557173461777913,-0.985108697914451
-0.0771650988925196,0.0311406407549299,-4.34358230694415,14.0381213570298,0.00993386168095298,0.0558505690216418,-0.20378001749838,5.53364807552989,0.0370997015476129,0.751445676960787,0.0317674241072721,0.553775289513059,-0.984174475875459
-0.0796318015160442,0.027777085726645,-4.34376503486664,13.5848316533473,0.00953210452177296,0.0568207365280289,-0.0942856011974474,7.01409675530123,0.0335958751422316,0.748868727543727,0.0323619128804807,0.536712003590798,-0.986875264257212
-0.0904687318560737,0.0264902566923932,-4.36115450304219,13.3171584231066,0.00952933218063572,0.0558945863607899,-0.132336707138047,6.82802834574667,0.0319007982161297,0.739534935486348,0.031331458232631,0.52296598356519,-0.986281098199008
-0.131125038720083,0.0248117799531216,-4.35597470793247,13.3227663174094,0.00961399431760712,0.0576535993773982,-0.231796167559324,6.87556169859985,0.0323953850761617,0.713571421187353,0.0313256610514873,0.480645682454611,-0.98491276928458
-0.105470008653497,0.0247257241197048,-4.32998347214653,15.4068089218796,0.00999475727685672,0.0585547915714574,-0.105716217275547,7.05734429849108,0.031629542333371,0.728580481887853,0.031696774466947,0.501602100163656,-0.978260955573113
-0.0672274012509495,0.0225738599064612,-4.33749040254833,16.118019744019,0.0106294970216128,0.0593955675086456,-0.233351348506678,6.09939659675003,0.0367074955812671,0.75747073277174,0.0316196700855962,0.494861484331457,-0.978657640199667
-0.0703189211020418,0.0245516035868638,-4.30420656358795,15.7906830108316,0.0104068620352918,0.0588092005325327,-0.147425281730186,5.69497574889508,0.0364835152971126,0.80969679384903,0.031661454684302,0.503005657009551,-0.977161964723996
-0.0996170251119809,0.0257533009858141,-4.28104735393841,16.7078916084312,0.00991740251536284,0.0586938627499205,-0.0675230170410669,6.89243759173371,0.0316223397714949,0.786580039171586,0.031377691114409,0.491487185265792,-0.97780249455189
-0.0842317626256495,0.0247479849512716,-4.28696149707411,18.1391595375671,0.00993912662587723,0.05892606750357,-0.0374447616336657,7.12644926219369,0.0359096354142122,0.720709581143803,0.0311295050286528,0.48865466527656,-0.973705474322145
-0.102435816891631,0.0256791768012168,-4.25822318380404,18.8789692214972,0.0100737007625356,0.0574220547152928,-0.108549397520531,7.82522409105439,0.0354466133128297,0.667813163204237,0.0313027440287748,0.481447340755316,-0.972409741235275
-0.14682708157217,0.0257814157446896,-4.2997165732714,18.1444741066106,0.00969628051047595,0.058101176311094,-0.118531354572776,8.1364562469851,0.0384943809358103,0.633459778369854,0.0307603465529014,0.487722814117617,-0.970289945951423
-0.160990988702661,0.0279601951426521,-4.34010978298894,18.2664415263657,0.0098333721080895,0.057302451626509,-0.301832526051639,7.21729144006043,0.0344527670252624,0.647322053419755,0.0303692307453472,0.479052349782966,-0.965644915106711
-0.104976758616325,0.0248635426303031,-4.32505089455378,18.2797210235599,0.00951908839087377,0.0578911684028775,-0.215290990866549,7.94772751863437,0.0330941322331412,0.606253206358521,0.0303570699814116,0.478339222159965,-0.956057460527671
-0.0948698441907827,0.0259569902284822,-4.333797316022,17.7852506730968,0.00941266641318107,0.0568221087471988,-0.297245531913642,7.79618783345084,0.0337363653399023,0.600269640730176,0.0305363982291072,0.489622285910652,-0.956351031873002
-0.12595284865461,0.0251161735903816,-4.33588916461962,18.3137903503276,0.00905836668656332,0.0572037732085553,-0.382155390367503,7.44100772031572,0.0348335682879457,0.652756091024941,0.0304489833585859,0.484991759433073,-0.962038515293127
-0.0622130192077945,0.0259680374434216,-4.32034051888005,17.9226493854385,0.00924236378761917,0.0572154140171519,-0.328229791392748,7.69910112061176,0.0340773703528867,0.668553280318673,0.031517188083783,0.471571569089155,-0.958341705104842
-0.110696177265327,0.026057832013536,-4.33533620746713,19.1598654540771,0.00915726965265351,0.0575096062422703,-0.447658501169505,8.46577807472946,0.0322462570345922,0.738118334169809,0.0318769044675006,0.468555871026327,-0.953680127887079
-0.0965433067223719,0.0267729171603681,-4.30957294137002,19.9653072661459,0.00888326152091122,0.058247885554937,-0.46679090141944,8.32287332006325,0.0321672951469084,0.754273248493399,0.0314882449001114,0.47313783279463,-0.954802205524293
-0.0665395895080537,0.0279756495567758,-4.32078960713273,17.8548852746658,0.00888951098491014,0.0583310175775742,-0.287768288010971,7.70517102315059,0.0343426828220189,0.709222641501213,0.0313918306336278,0.451976757312483,-0.958965948089575
-0.0976890527198229,0.0276117238544089,-4.3357878644681,19.391319508756,0.00858799255503715,0.0557507415646332,-0.0640625594832789,7.56048396231704,0.0366534329782787,0.69247553089816,0.0309840807154379,0.447842458691292,-0.961013424607925
-0.111561906915777,0.0282237474101167,-4.32245648209329,18.0572814730358,0.00866845367977096,0.0557139221546129,-0.197819133358546,8.45465927171137,0.0297121049266861,0.686031802147299,0.0315923682535023,0.443611378068857,-0.961976086233981
-0.0825770598737272,0.0290475461597583,-4.29747095168311,18.9141166824975,0.00810328490466899,0.0552200336432852,-0.350486808440306,7.9190553489185,0.0331803946137064,0.686908078579387,0.0313756845154929,0.458317541056649,-0.970221661093887
-0.105128728707865,0.0315158989796117,-4.32177935603883,18.4568870397688,0.00820886985910147,0.0558950953298863,-0.27878155192686,7.5241402150745,0.0336942912067749,0.708984223174531,0.0324098898478842,0.504817295627923,-0.971694949256294
-0.119261187329931,0.0273810958129349,-4.30164778053073,17.9021151187173,0.00815098620549241,0.0570099664069394,-0.394690506506636,6.75948842429796,0.0356747337626995,0.718995774366085,0.0325995078415484,0.509472283061429,-0.975244940859932
-0.106613637083315,0.0261654151405995,-4.32947113067181,16.883315807712,0.00791822640049035,0.0557680113291617,-0.24643510832902,6.72905336696729,0.0369956103410575,0.694524713359088,0.0325629415868297,0.528275907829913,-0.974609741915358
-0.121995441537187,0.0291402420665861,-4.34946650581685,18.2695827431568,0.00776686711356907,0.0553091487387748,-0.256818121749168,6.78201549928909,0.0339175520269506,0.683464129059242,0.0322336590040084,0.568627882142525,-0.973862072421503
-0.106149598883566,0.0309689570074772,-4.33800829560192,18.4368687928155,0.00816039411162429,0.0541165071563063,-0.379934131696933,7.63563777247292,0.0348849995124794,0.664872305482803,0.0320356182526781,0.582951037310235,-0.974859692914331
-0.11067032865274,0.0293540264094315,-4.34263543571724,18.3280769214529,0.00815679105088399,0.0555325725068803,-0.259840944937201,8.01587297724748,0.0379986695239087,0.666723901024613,0.0311770350328334,0.602431799040697,-0.976586260614423
-0.086452849892984,0.0324871403716254,-4.32406983314345,17.6845077297015,0.00838212862248578,0.055160271044217,-0.165711685554447,6.18189703873998,0.0404869223198066,0.764094712010402,0.0315380311262416,0.603372058902368,-0.976401298381944
-0.112772095601963,0.0305712261949135,-4.32066217267873,18.1099555260186,0.00814114254120446,0.055541689503616,-0.0642695496307364,6.9924079981121,0.0415271455215171,0.724948732992557,0.0316058317456453,0.652928256134949,-0.973496912859615
-0.0502898667702313,0.0321799307572734,-4.34227882755626,19.0635488230685,0.00836592316966628,0.0568968188799789,-0.0392018499783552,5.67744693969691,0.0394953256853935,0.780840441544104,0.0320425738406241,0.647002066276786,-0.973911420173249
-0.12169742070569,0.0279285470514514,-4.34136635742694,19.4570738075058,0.00857940587900406,0.0569755343381354,0.00608516300040066,5.23027616857882,0.0409830777209635,0.788066021692283,0.0322685430024582,0.619249591391302,-0.97206978871838
-0.0902515572929615,0.026526717034569,-4.36213625999672,17.3763533839792,0.0087064954374898,0.0566434988871648,0.0290461019938795,4.81862114989669,0.0393334682891108,0.764036381903418,0.0320492189720524,0.621266794963126,-0.973815814059902
-0.0760942528615287,0.0280034003240037,-4.37032615038309,17.9346753776322,0.00929370894784464,0.0563133553338761,0.149781762912892,5.56173573000683,0.0398272473260113,0.809862178948199,0.0326130122708034,0.628722978408225,-0.975449183526702
-0.141827937601183,0.0275027146491449,-4.35911773135621,18.0769575010987,0.00929225902509915,0.0572301026375291,0.113876003095194,6.49970712646467,0.0375069312846252,0.790862258804881,0.0321142387498443,0.65312377940657,-0.975924433674372
-0.138385034599826,0.0300604786703381,-4.35091451657714,19.0598672904674,0.00929558009948194,0.0573468344810547,0.0997893404953783,6.32523134060829,0.0384567559541782,0.788977807164191,0.0324503044133971,0.667952031870327,-0.975215467502017
-0.126337136435912,0.0316616080229458,-4.33582078463523,20.6072608351034,0.00913942379287493,0.0572036040197179,0.248733395529139,6.28542448534948,0.0367426589487333,0.764170582448284,0.0322389551852549,0.698636705989415,-0.972280654162874
-0.125466848123933,0.0355542719885537,-4.39741809726422,19.1080445306601,0.00905010046619529,0.0569232399419519,0.160388113427714,6.77515775951257,0.0370406915735204,0.820712390448909,0.0324821013966447,0.621825560133363,-0.972701049980336
-0.0710649024366062,0.0367855754095921,-4.3683433034044,17.1436206332441,0.00887359360867486,0.0567137959007132,0.274297859493233,6.52621865698407,0.0348451965822905,0.828937964192714,0.0320490983176696,0.624670334694674,-0.971841413961301
-0.0638674302021843,0.0441390228404482,-4.36213464924687,18.0039629797072,0.00850533148177578,0.0574509049065992,0.220853199486715,5.65470713071978,0.0355331661418061,0.772689564748972,0.0314439324307848,0.617217590001223,-0.971043253198738
-0.101824811294145,0.0399343052391053,-4.33941497245225,18.3399167374334,0.00816327471457221,0.0585135861528464,0.0914377677403419,5.89119664005495,0.0356285902337973,0.803877794617856,0.0311822831350904,0.594209475435673,-0.96975147274606
-0.0963320456641795,0.0372399087029212,-4.3651545202587,20.5773990065422,0.00797304273672589,0.0585382216020299,0.116586764656139,5.42962626614732,0.0423064560976325,0.795622871202169,0.0312463386028193,0.60208708763428,-0.970572739269049
-0.0789991780260826,0.0358677999392632,-4.38124361123229,21.2451196365326,0.00775751912420732,0.0604166262991622,-0.116068096997374,5.2654175981583,0.0333334507267848,0.784278228028311,0.0305949051916306,0.634039512521868,-0.969157526717811
-0.0957736227492973,0.0368568739261924,-4.39216804544305,20.2871402364313,0.00799647815547557,0.0597469125463151,-0.175660510432227,5.9281910519034,0.0372752686081235,0.819428683845681,0.0299674176508254,0.589163429286686,-0.970993804647741
-0.111705444102694,0.0394945863174773,-4.43347050915794,19.2592058074844,0.00816256111335864,0.0598223700064416,-0.257299852488284,5.7666948309782,0.0397938198412178,0.850175072578632,0.0298119615889932,0.604619433485599,-0.967616484377986
-0.0801711004510257,0.043974756748599,-4.47504686099835,20.1028211259483,0.00800174719731543,0.0589097565052273,-0.224428253358572,4.56827258606689,0.0392751684007903,0.824195992422008,0.0307423015343204,0.58644775581275,-0.96334991737577
-0.075058441407587,0.0435236465676732,-4.50161705041906,19.0752054924877,0.00797636943945663,0.058365658096577,-0.188693430810667,4.95472451533458,0.0375307575335487,0.856073489594662,0.0301673916261548,0.586597758992663,-0.963298058929194
-0.0780774116035064,0.0420288245104975,-4.45341292302943,19.268659751674,0.00805368009006894,0.0596989517325853,-0.151316683668925,5.61297571863204,0.0349491302175817,0.86396674207591,0.0300039776416429,0.588106027312983,-0.964795248903256
-0.0829132104680446,0.0419013499271198,-4.41083115351426,20.0855861499547,0.00785675189819903,0.0609698137745783,-0.291217905168229,5.84420527892255,0.0374103942088588,0.861742917701886,0.0300993091829342,0.608719256352026,-0.966164657244871
-0.0776578512360921,0.0392806549721782,-4.41483835750992,20.1566906591839,0.00770064801042676,0.0602810292867978,-0.257801169466352,6.42273153248196,0.0318560323688456,0.821920407699223,0.0297842760072735,0.61198164216079,-0.968855410456183
-0.106263758977121,0.0383319698060695,-4.45272707077481,18.9995606164907,0.00786721516054178,0.0593001196730885,-0.016677764035419,6.65049281125747,0.036351894176645,0.779301998150892,0.029604620500012,0.592304711118251,-0.969015379802213
-0.159043336383836,0.0379696888980958,-4.4603989668919,17.5559713865912,0.00797989741421825,0.0596107916673206,-0.0339804890345897,6.49827887057259,0.037435267655142,0.762485323685525,0.0293221885668426,0.590762787423871,-0.967851765052835
-0.159240795796483,0.0397075331395656,-4.48428711321121,16.6928019307379,0.00764792034989038,0.0598234457071266,-0.0339396791355348,6.53033139985288,0.0368228605226372,0.758194004172257,0.0294407080889564,0.598355785682918,-0.967531454237053
-0.134515978024181,0.038615794695478,-4.50724408376897,15.0226938907805,0.0076458857914605,0.0597652903021036,0.0250881364035812,6.67490536898773,0.0313044635181586,0.754814805148943,0.029441364459834,0.612231885540172,-0.961695914640481
-0.178984415813544,0.0420579483052301,-4.52744334936372,16.0361963003219,0.00797183663995746,0.0606128112453534,0.0610974000157347,6.90368001339103,0.03840753695815,0.748192787599195,0.0297802234654302,0.631343230435529,-0.967080350474033
-0.164740847522872,0.0388863550992817,-4.49028066947762,15.3754734995208,0.008249868604744,0.0602387202797835,0.0454886127231395,7.12253211746034,0.0368734833464051,0.778351036312778,0.0296286077281901,0.626242352204065,-0.971515468789003
-0.0982445885525985,0.0382014598379792,-4.52469947450234,14.1562933902758,0.00851011795212064,0.0598836288878584,0.0818339435266745,7.23609011906017,0.0336882360399265,0.728829382602651,0.0295406379021283,0.607230138816598,-0.971988651718299
-0.114065479744841,0.0338829638634386,-4.51283423535696,15.4126051982385,0.00873992651760886,0.058142301884788,0.137197470477204,6.6232771804816,0.0343955574111898,0.743502158272346,0.029591864126576,0.601520220340425,-0.969782787248023
-0.13005359250921,0.0326483958541548,-4.54917550597618,16.8850745861368,0.00878524470499836,0.0577295001921184,0.0228447175397169,7.00055772463297,0.0368867269369012,0.777353659297834,0.0294891337159406,0.585296249157179,-0.971098914110244
-0.133196169747524,0.0303136687396564,-4.53492905128367,15.7853856002478,0.00893499924561304,0.059926836492693,0.0806324997424827,7.05503291596162,0.0365452390115247,0.716129347906749,0.0301076352830781,0.580492152345076,-0.972716408696954
-0.0986767537088691,0.0344412297830827,-4.49835150555693,15.3791801611319,0.00854127616876748,0.0597760313121749,0.0868516504171311,6.5644602985373,0.0383608365964027,0.748007248208776,0.0299640530755295,0.574982532581852,-0.975879666968848
-0.130396950607757,0.0386657069008606,-4.45104531690433,15.3763926557812,0.00821542388421648,0.0595699729152731,0.176913516669718,7.63964309935953,0.0364673894606991,0.653334329895848,0.0299656843994601,0.572680703768595,-0.981852585209887
-0.143828774903828,0.0377438813287738,-4.43773629716437,16.774982972819,0.00818086629003658,0.0582010747669506,0.297745386841958,8.34813521513257,0.033687531761475,0.694544266928489,0.0293833825160689,0.575245132626544,-0.980882090859701
-0.149055583317983,0.0362498422746359,-4.42968992972694,18.1636862418062,0.00788443364058141,0.0557986424872072,0.198929407650885,8.42133703145544,0.0377504870365383,0.671749828283048,0.0293859509346338,0.584833576866998,-0.978308065584467
-0.186095458079183,0.036953790755485,-4.41999702155445,18.807320516384,0.00816723208832549,0.0555343952272928,0.221609136297494,8.69673914167498,0.0353017537205289,0.695784416047084,0.0293969536047563,0.550891571899152,-0.977907755012647
-0.171319961815466,0.0427676852575659,-4.40031932411574,17.9087883244508,0.00821135521580353,0.0560174606739033,0.116637341299097,8.54419529393178,0.0352242382330711,0.683944068220344,0.0289390307206676,0.565350001877448,-0.977671612610577
-0.162782957312955,0.0451686531149532,-4.38160599395677,16.6233818768207,0.00808107261395221,0.0575979545187238,0.18291885187292,7.77816120551723,0.036958585472022,0.685258561823885,0.0282547548973165,0.58536497002897,-0.975576770363799
-0.146382609163375,0.0395668372845045,-4.42134814316535,18.3509219204364,0.00802485385719046,0.0586659919271302,0.144551367485747,7.49675757011563,0.0378569726225784,0.701580900491484,0.0290359919766153,0.538832849382736,-0.975811081855588
-0.141791205589616,0.0388202871556186,-4.39157578368455,19.1446661604033,0.00834960754696744,0.058424443107342,0.050947484549395,7.12608812693374,0.0366565041693305,0.694468921404279,0.0291455764886851,0.575725813872051,-0.976160269936775
-0.164174144439311,0.0380672961145585,-4.43180722961213,20.2908374543305,0.0084997240658366,0.0568798831672727,0.119220853401638,6.50837586490114,0.0356297293604905,0.739650887088684,0.0283985438404204,0.564328858105446,-0.975455729041469
-0.133838807337758,0.0403807421114387,-4.41501689657417,20.283532237971,0.00816737062943466,0.0566716975883498,0.105235852163418,6.58273951304699,0.0345690844013481,0.699706920399514,0.0283064023648663,0.52906610650395,-0.976770725408741
-0.0862701863462479,0.0383180169064639,-4.45502171643414,21.0070162070827,0.0083482181558905,0.058260519411917,-0.00963626662456311,7.05022297775475,0.0356645723443634,0.685919517229883,0.0283586734146626,0.515659716571407,-0.97640407359775
-0.101043612643178,0.0394979018139274,-4.39498777817467,20.9831679000195,0.00829554456904401,0.0578691779249285,0.117650517757761,7.6257128312159,0.0336913334410572,0.719839902097049,0.0283631763747155,0.495282846664196,-0.97727213609011
-0.0970047735772688,0.0382884918646922,-4.42524105649275,19.1218598037067,0.00829156200483726,0.0567446247925701,0.101810148647058,7.41161760911071,0.031748191967463,0.769020935078101,0.0281820433185893,0.512397194420802,-0.978955358146327
-0.110221184037426,0.0386584509567822,-4.38960206900503,18.395048175088,0.00863935397017117,0.0576555443205951,0.0911775621388991,7.20570155247355,0.0382000492214876,0.751551291150176,0.0281051313915489,0.538430648613986,-0.977682757930553
-0.0855848623649389,0.0385407245152147,-4.3902180573377,19.8218406951154,0.00889355999168094,0.0589463737176305,0.0242409504845898,7.71166729567519,0.0336822989296569,0.773663713891072,0.0278406777788268,0.553584023544936,-0.974042441112307
-0.120843155483811,0.0392101480208351,-4.40322939299536,18.8699554930593,0.00881335211203616,0.0585446055924009,-0.0494693247146448,7.07508476627549,0.0389718163127954,0.741550712757197,0.0280288759721234,0.521890556343377,-0.975359495657145
-0.146371231949406,0.0385193117907691,-4.46919659590001,19.3167173010416,0.00859252691804899,0.0574715520343893,-0.244512610047501,7.67265976839981,0.0314008751918227,0.685701297492701,0.0281580787954793,0.482452643266713,-0.976987350420345
-0.125768968959292,0.0334555616380344,-4.53927662230298,17.6335276210223,0.00865551238750308,0.0592320914234955,-0.216917021418117,7.80699401607397,0.0325868394448444,0.707424165747173,0.0280092915388026,0.484622495730328,-0.98021812490804
-0.138361074144446,0.0324884615644376,-4.53291067344453,19.5837997666293,0.00859307663746277,0.059339419256341,-0.33676319444526,7.69680651328528,0.0330473788828406,0.701160184758831,0.0285358676659901,0.49602339004506,-0.981847125656493
-0.150883079233696,0.0357800018713094,-4.52045279820183,17.100064235806,0.00892300826894896,0.0580361396367653,-0.325156226955907,8.7463213174983,0.0352233528761326,0.638391802038499,0.0288571880604245,0.511263000691725,-0.979766612239452
-0.137841610223928,0.0358026300670681,-4.50878658760689,16.9669359012837,0.00925751775564284,0.059455709246795,-0.543714149735944,8.17231301412628,0.0315991922787354,0.655996547890953,0.0294095128509356,0.487259798542594,-0.981489344414958
-0.118591311080817,0.0385498666083733,-4.50793486996602,16.9162425012205,0.0090131706061255,0.0610319998637773,-0.360762272056527,7.99658943703672,0.0356990938069493,0.648663931840906,0.0292369940521733,0.521100494734876,-0.983015778065609
-0.134420478506835,0.0390540126367837,-4.53297378053698,17.7923407036409,0.00901329932853849,0.0595415374632487,-0.341342396695219,8.4943837855524,0.0314856864047812,0.677668858242432,0.0295682159678029,0.545484772110932,-0.981451869499553
-0.118651004848124,0.0384401927919646,-4.54771913336988,17.6426043419522,0.00890074453309387,0.0607013793857839,-0.496913477865914,7.17198466053097,0.0352825344848212,0.658406643092957,0.0295463722191599,0.508944053438023,-0.982579345456706
-0.12928374472743,0.0408876086365615,-4.5628052526601,17.6622269221485,0.00890245077939104,0.0619157363036179,-0.494753057442883,7.60429314829971,0.0358377346852478,0.622069202807509,0.029147391385523,0.538460667856214,-0.981465353204715
-0.144818322971287,0.0411708893547175,-4.54473657240594,17.7656171654461,0.00912038296740954,0.0622511175023618,-0.448945306638952,7.07000817453371,0.0360366380186185,0.666385161625485,0.0290970857536959,0.549239444403805,-0.980113984147858
-0.142750101501462,0.0419992025512113,-4.50620533490698,19.4239241105743,0.00889205626164579,0.0629473358059568,-0.537314654253385,8.64147475582571,0.0325248892955577,0.679088069746459,0.0288469990656951,0.524668052997539,-0.981297445452344
-0.162665826456555,0.0449165465756087,-4.55886760323822,20.2146568365706,0.00914577010062977,0.0641193871567052,-0.475081894570253,8.92545842278123,0.0356830648266786,0.675073968870792,0.0296550503469846,0.524505032549455,-0.981494571386184
-0.143347768824304,0.0455945154891269,-4.55659975830519,18.9492286406273,0.00952978269274167,0.0662385798492997,-0.575266143339761,8.54920642176401,0.0341163231476678,0.686408702511954,0.0293552183174429,0.535356051344221,-0.979595756685873
-0.112961059097267,0.0438454252256854,-4.51482644839073,19.2017605399997,0.0093160392229649,0.0655241735409004,-0.631332787491272,8.70939684867794,0.0316812178914243,0.723709595657724,0.0291558096972109,0.557844413149278,-0.979263156162644
-0.117259491435336,0.0424125706167869,-4.56156177810967,20.1767663627279,0.00946542990366719,0.0657613602639829,-0.543835611475406,7.83696611577666,0.0337445870132587,0.746355190853632,0.0285496334224824,0.539106307395368,-0.976232658545908
-0.152148019773278,0.0382685842523091,-4.56514065708029,19.4205401918795,0.00955574441987201,0.0657205336601528,-0.576136724995203,6.88984916577069,0.0374719929069381,0.720167527594933,0.0280111323460099,0.517383986516665,-0.97769072444189
-0.178342776422414,0.0384334815336691,-4.58735214340863,17.5468283312827,0.00944006286132382,0.0671314438815381,-0.665244365936345,7.88770502383632,0.033759318900131,0.717252208939676,0.0283766921509207,0.501405995265078,-0.981446809082704
-0.135485776714462,0.0369614568776611,-4.61313086940007,18.5035061453865,0.0088877922079781,0.0648880455910812,-0.707451053689076,8.30855402798291,0.0326826850870011,0.721617141332482,0.0284306285039688,0.504565469889983,-0.982766378653616
-0.133458938763203,0.0396202101285444,-4.59880130857353,17.3271049925785,0.00872568278768802,0.0661214545677603,-0.691942408199618,7.83637521938432,0.034080742052671,0.683678862826205,0.0282882485403483,0.526437848165597,-0.982955605713443
-0.149515145973293,0.0391347071957557,-4.61705502297167,17.5459170265775,0.0086544367569975,0.0642789088757704,-0.597615842265949,7.65710119559605,0.033267354372849,0.68780432984689,0.028183524118702,0.550175121357074,-0.982950331841217
-0.108306729341582,0.0354309340181267,-4.64744904459077,17.1373020904325,0.00831291215508126,0.0638046421335906,-0.693804304130315,8.58661637905684,0.0348915368053982,0.645015817226304,0.0283532420886286,0.529563707745741,-0.983133664301011
-0.128660606748741,0.0360040119520232,-4.68893330280672,19.6121383894142,0.00854918081957417,0.0650075960810416,-0.698192676607268,9.10185187028508,0.0296100449246752,0.676023896748324,0.0281515105132757,0.51903551082756,-0.984479025529629
-0.0838541326823813,0.0346423348892849,-4.65840018878512,21.2163613612934,0.00837912341831726,0.0644787846476868,-0.68205103977394,10.260929105289,0.0296647378330955,0.669571865631003,0.0286302801716601,0.528754456752973,-0.98265354722885
-0.14407745547617,0.0351924948372197,-4.68337385457432,19.8052994304954,0.0087008781293354,0.0640497423607481,-0.642185176851034,10.2435464647152,0.0292964594209495,0.646485840597892,0.0287627667653111,0.542782494875586,-0.981540069884932
-0.157915611505327,0.0337838645632516,-4.73326321577556,21.8414881584034,0.00894498768781802,0.0619366192746744,-0.623261679208186,8.89749436514698,0.0347003083912574,0.633644111611346,0.0289120653075595,0.52590068582264,-0.983309831475339
-0.145299979788719,0.0334665261647508,-4.74286207954922,21.0611719136623,0.00918638666792617,0.0611751074733901,-0.729936640071409,8.69705616472914,0.0328375423086811,0.720303497249026,0.0297400210309198,0.512252801762818,-0.98447405048709
-0.151534862058141,0.0326411586876898,-4.71475623405952,19.192658190087,0.00935561945347761,0.0613125271856117,-0.699178073787254,8.34442765537062,0.0351157462191658,0.744355373640964,0.0300905084602382,0.546636118911466,-0.984888154365061
-0.144889584951371,0.0297179282115332,-4.68097850003654,19.4754316403246,0.00896288510875941,0.0611732990634196,-0.658726769230652,7.0271989314085,0.0361136973279824,0.737504353141365,0.0302336532915623,0.530126892055802,-0.982358542872137
-0.128578126452424,0.0303874316061076,-4.69491522600504,18.7638339729096,0.00870274464272283,0.0615377375905014,-0.600649474256881,7.45250864248725,0.0371370206092846,0.734453546895457,0.030562778908717,0.55175475389923,-0.982393310350065
-0.102732929137138,0.0294132004842597,-4.71899750651501,18.5382587885693,0.00860903111363973,0.0618194958424209,-0.424505117719497,5.96896314927598,0.0373355545144477,0.739406902278098,0.0302160669893466,0.57532852588264,-0.981665242989647
-0.111299667554051,0.0285335750050438,-4.70274857885918,19.1681793658094,0.00864453548679301,0.0608105231196684,-0.384933956153074,6.81349164755274,0.0359384555513612,0.744162717975694,0.0303288825679611,0.572594244081398,-0.983094514530723
-0.12062865815025,0.0288703130622561,-4.65627400899279,19.4307750090969,0.00851770860839412,0.0608621766321886,-0.409442811620273,6.84626599191532,0.0344808031475887,0.747345863271008,0.0308845694206515,0.577339379304375,-0.982401228219536
-0.097446393455398,0.032009245677064,-4.62100986745567,20.080147728085,0.00896500993993766,0.0616147349047286,-0.350787708650314,6.27843929992927,0.0386798298427811,0.788474752944359,0.0314609662863279,0.574667425579815,-0.981979072865598
-0.109319802966256,0.0299049854540296,-4.62948932988547,21.8553553966989,0.00865026015521871,0.062354616030805,-0.244043133725284,6.01164559914194,0.0353226781339065,0.784414454342635,0.0315825614509961,0.591665123929742,-0.980230819955318
-0.10739755721932,0.0290110990280744,-4.58309271015437,22.2121192086962,0.0086078737712158,0.062435081684237,-0.262045952387682,5.31745770792713,0.0386344599024931,0.785118522463567,0.0313780767380505,0.608970618841582,-0.982233543687235
-0.0793343591391561,0.0279427201091514,-4.59883153519684,21.8262353213159,0.00869006497773683,0.0627604105760495,-0.154157764863097,5.1177027327447,0.0405059262900939,0.77235413575512,0.0312585066702849,0.62620114296103,-0.981235664018817
-0.0854200692686267,0.027370455813177,-4.59609747771363,20.7828930695753,0.00857367577995586,0.0617091002389397,-0.148174636188933,5.47495560745273,0.0393822250936963,0.775308555976482,0.0314457729716528,0.637931558466138,-0.981715485936314
-0.0655122096250996,0.0259009415062831,-4.5184042653191,18.3537468417461,0.00873207826543571,0.0624599786531898,-0.136448478837374,5.97636570299407,0.0370258464570952,0.819324956442504,0.0318454148629887,0.638271410149409,-0.981006588319249
-0.101012433320836,0.0257760067673924,-4.49230545193129,18.3740075608478,0.0090920809581802,0.0620897336001457,-0.102648923415326,6.06950393135402,0.0344325673249158,0.833526935777715,0.0316554332459617,0.634152941871999,-0.981093506133458
-0.0885820098008802,0.0255799645826525,-4.54704404450153,19.6626961773285,0.00907618987492074,0.0622677401668644,-0.0643203902521031,5.90515591135742,0.0361001502571881,0.794988803345383,0.0318415423877088,0.626053649805146,-0.983197064227299
-0.101246390443701,0.0264328771119694,-4.56980732640681,19.6916101452826,0.00927905185107208,0.0638339891443233,-0.193365106737834,6.2534636817281,0.0388046225172607,0.837735490590127,0.0312311138636776,0.607120435911006,-0.983975381693884
-0.0638445129577512,0.0233070036937697,-4.5336158231962,20.4488445156782,0.00989710373437916,0.0630699743440591,-0.125777466983036,5.13290348757528,0.036281475041223,0.882684576818342,0.0309080671931427,0.608978751647895,-0.982185769526083
-0.062947716455889,0.0246765388665454,-4.53346218241097,19.4638115222406,0.00988374684908924,0.0644401795685464,-0.0766475876767385,4.95065241096375,0.0391332767993604,0.875855779311928,0.0305660245254079,0.581239442420017,-0.981721534082914
-0.0597564264199422,0.02524586317235,-4.50701820721314,21.566355794724,0.00988285586568638,0.0654196615158349,-0.107940631635688,4.57811365141375,0.0374586697215535,0.847124498239982,0.0306201419720374,0.561190727625132,-0.981132760465525
-0.0791517468208277,0.0279081750799818,-4.44396538007397,19.7600298968866,0.00946330159939006,0.065378342798926,-0.0711153965661031,5.18776126223439,0.0372300664401382,0.869405309108088,0.0308277674410974,0.579794805309061,-0.980602472435666
-0.0896589375300011,0.0270590541027637,-4.41232772542241,19.2570266727472,0.00878543333033356,0.0654217175331373,-0.17544494129325,5.8824075264881,0.0364435539404634,0.871197968114552,0.0315292644940761,0.600040086103723,-0.976930246833088
-0.0935148868157776,0.0266349472342959,-4.3966974130808,20.0751152501529,0.00889729878029958,0.0662465637810997,-0.160101515734441,6.26057718538748,0.0379783752919629,0.87902661542774,0.0317349618456322,0.609372186425998,-0.975016066077065
-0.0924958097101483,0.0283085944326761,-4.36614730773943,17.681699246923,0.00933501392701458,0.0644873024469923,-0.12442825402432,5.59748191231869,0.038759179781902,0.849470650211414,0.03171852909043,0.583939978027658,-0.975129309614012
-0.0905294486558292,0.0312245046920693,-4.39092165410731,18.9498484062797,0.00893273837478478,0.0667422420138494,-0.289544643875191,4.83580087378893,0.0418634288049049,0.81795111086526,0.0317241264715356,0.617966937203207,-0.974795457703464
-0.0563501467071301,0.0334110769685487,-4.41989222685852,19.8937124835497,0.00890152843263119,0.065158007104921,-0.27911805433034,5.3614574180859,0.0358239967886173,0.835299859880909,0.0323902027090371,0.620293384609928,-0.973109478351231
-0.0868731776902852,0.0331198055387058,-4.36283856618834,18.8812187382663,0.00929017846343375,0.0669832164128131,-0.251240759518721,5.1309921790285,0.0406373517595122,0.80211081313616,0.0317845453707398,0.629268707686692,-0.977055702633059
-0.125471502358991,0.0293366023045098,-4.33570288458996,20.9604048997276,0.00974828654960313,0.0673699452540947,-0.136794067214447,4.90133789688614,0.0384971506941093,0.808867485705866,0.0316911994916481,0.601477223792806,-0.976247969470904
-0.114172425083246,0.0303445029275694,-4.31851307276924,20.1914478500979,0.00958910902169239,0.0670555601526508,-0.272731647132374,5.50112422773935,0.0410041640067043,0.751963176061197,0.0314472642611014,0.61241212617045,-0.975657385281971
-0.0939513622758914,0.0298585614167059,-4.31136662097402,19.0800831877327,0.0095354706873895,0.0663862953508804,-0.0975677821128969,6.22108790603892,0.0387983337089362,0.783250235055753,0.0315815188605143,0.605825811525933,-0.973601567254008
-0.0818247599450918,0.0292210194151318,-4.35480840374806,18.9259799985418,0.00914348746759299,0.0669894961549539,-0.140242272518035,5.76899264847038,0.0367297395426969,0.80084325183013,0.0316986146465662,0.611215410158416,-0.972479516171584
-0.105998206401306,0.0290301078465476,-4.36036289078409,18.3432534073267,0.00954834717366592,0.0662869340031921,-0.142431154189489,5.92553287720942,0.0379644912832609,0.790979620390923,0.0317373904324544,0.61182198313411,-0.97044153993132
-0.107678217890173,0.0254106727316374,-4.35897775430864,17.0794652501224,0.00963941080836776,0.0663275031268984,-0.19087650026459,6.91700287128317,0.0375271186982842,0.789032104652892,0.0322016833923944,0.615480729034044,-0.973776774821537
-0.119183387682179,0.0259897892864303,-4.34152634721642,15.6339960142154,0.0101545996955381,0.0655099498875497,-0.0473705209136999,6.61409601368875,0.035978181272281,0.801782254959321,0.0321495165986287,0.585360536496138,-0.978165957240231
-0.118984976276268,0.0244475667294786,-4.30521342851583,15.2071273814412,0.00989098269832937,0.0657801213146791,0.00929194035634466,7.52032157638674,0.032303180707011,0.732499112375699,0.0317331664190222,0.608709839430392,-0.977173455399377
-0.13244219977184,0.0237881840734484,-4.32440946180783,15.2160912259763,0.00985784075628589,0.0664306178911359,0.103241058122751,7.57752889478432,0.0337945005425641,0.74927572012618,0.0316828812511696,0.615478517913362,-0.978123498968182
-0.123278633016035,0.0224355519764929,-4.32800657259515,14.2815641645961,0.00971612900139993,0.0674788107346331,0.0889830235777686,7.3869132329904,0.0375830768454457,0.711461167228353,0.0312659467643309,0.644845314562051,-0.977299601838142
-0.119168463387892,0.0222363360483193,-4.30227315370128,13.7562151694481,0.00981050008832702,0.0631121742167969,-0.0468735987640689,7.26841702201208,0.0371874948127899,0.711175961280311,0.0306963170972451,0.623076039843888,-0.980565353823417
-0.112823966049649,0.0240148404993439,-4.27948238586431,14.4955597766169,0.0101400874018541,0.0659999608247055,0.0675987748451111,7.51925879570868,0.034351108112693,0.758264498952563,0.0294985998355373,0.592314124213174,-0.979794006232736
-0.0804556358889658,0.0244837125651986,-4.26712704822784,15.8201584386872,0.00998879169969731,0.0642231878258862,-0.0163434879826686,7.52617087407074,0.0341132373190462,0.743884245893682,0.02971960460961,0.591806963347544,-0.97991596110437
-0.133725547473996,0.022469837611565,-4.24429359900754,17.0166482561653,0.0107463757111287,0.0632648354442812,0.13690867320771,7.74386426919158,0.0365393181505801,0.758779007038817,0.0298482041267506,0.603316356660405,-0.981692987653987
-0.103458246452672,0.019967122371206,-4.21996716510035,18.8649352062166,0.0108307235184322,0.061195209920764,0.268752794584826,8.42895586740292,0.033092645965951,0.804036936445347,0.0295832150723995,0.582192921426221,-0.980382746179836
-0.0956664502618843,0.0211654233379048,-4.2402200806797,18.4185886752188,0.0104611902427688,0.061957186203113,0.226211435523831,7.62124295510246,0.0316204209100818,0.788252234389034,0.0292190642050201,0.566122171926784,-0.976840259552006
-0.0917014165596466,0.0221861908517202,-4.26038813565803,16.0888340788668,0.00991585150941187,0.063079148049177,0.267226063967179,7.58663061041275,0.0319694468274523,0.818527326555668,0.0296111077843701,0.561634738992348,-0.974577102429725
-0.0710552664181127,0.0209237312921291,-4.23838796755542,16.7830443676454,0.00953832918899943,0.0606466897814847,0.220336444469362,7.35154037629961,0.0326378617149847,0.785255435822924,0.029542008895953,0.548306112327633,-0.97539220135322
-0.107076312179311,0.0246237349563696,-4.17230369872068,19.5181767198534,0.00890548999790238,0.0622273754491725,0.216675186876731,8.16807591590293,0.032404904098278,0.694402926288876,0.0293374539919076,0.537126904844855,-0.97236744687155
-0.125222265926725,0.0269615955467328,-4.08374289938763,19.3424199551871,0.00894590881520806,0.0612449421989037,0.136552628751545,7.24135302411681,0.0360696259884368,0.656633511518625,0.0300941602226789,0.576564551282069,-0.974272034653348
-0.135100744056478,0.025206385453059,-4.09606953807597,19.7141520505061,0.009148708513499,0.0628506828757658,0.0869955168437585,7.77940134213489,0.0343056968229791,0.723443644774996,0.0300750130400807,0.560949830057181,-0.976010968769328
-0.131873105377288,0.0218452670902807,-4.10278093303757,20.7440174923208,0.00911517111992298,0.0654480176433942,0.042404287044676,7.16798155309339,0.0355712326728572,0.770370821104533,0.0294118629634844,0.570275172254259,-0.976276303608351
-0.0890569432767189,0.0233453678375827,-4.05976817136218,21.9187623553561,0.00862714778277163,0.0639770658039367,-0.0766205915241359,5.29469411485253,0.0395114103848437,0.792302437489752,0.0290078936262713,0.624026303260896,-0.97292678247418
-0.0699801074292278,0.0238849485149146,-4.07791226924027,22.5219954526134,0.00833564333861592,0.0655057503132868,-0.174026136692243,4.68310027176768,0.0399632942015273,0.818862322279934,0.0289395482152492,0.608086378074995,-0.972355688093956
-0.0786990647329331,0.0233034522884748,-4.09848322019843,24.0855673960491,0.00845396500289779,0.0645749780019593,-0.292122548827217,4.83516052258672,0.0376296792345091,0.830664353541145,0.0293037908377405,0.578846150038142,-0.969951856232783
-0.107112061701941,0.0221040379200732,-4.1160473338858,20.7448872979106,0.00854224959840263,0.0633981475564687,-0.292405833434089,4.76917575111207,0.0419329674856641,0.781382928848356,0.0295935000218488,0.600411992637694,-0.967084801171478
-0.0651656330754249,0.0198506068383313,-4.17490164113892,21.058132004887,0.00861271458754857,0.063159113141058,-0.304896870751661,5.87152778847878,0.0355005359239752,0.830860886717204,0.0293543032499114,0.581816918001071,-0.971127240293011
-0.0970305505775884,0.019118798990346,-4.14745193277308,19.1244491756672,0.00867588620843797,0.0630950905055037,-0.175378418855347,5.32179549878761,0.0368984988427604,0.831310204164835,0.0289184171199008,0.594654590121349,-0.972136971390826
-0.0783783743825102,0.015305249384614,-4.10153389526665,23.1357233659558,0.00896518113060418,0.0658258046651116,-0.267526308345736,5.38448400703094,0.0351986104558405,0.8908967778974,0.0295800689636192,0.588898230872285,-0.974892070155834
-0.062767166806853,0.0168628471776542,-4.07406280324972,25.183735330908,0.00913204919748888,0.065441770784335,-0.269561497844857,5.16880770726049,0.0379462620547315,0.877555076945039,0.0296365930950025,0.645222008106591,-0.975941414069023
-0.0829917336519138,0.0158483427901563,-4.05949406241261,21.9048923231429,0.00878297779909117,0.0652846041838195,-0.318532391686076,4.95247109722334,0.0384264141250742,0.839083121005313,0.0295418168439743,0.629664751719521,-0.97469054377259
-0.0904068159538943,0.0167563413766029,-4.10909016421504,20.9994741419519,0.0090067352013787,0.0649557004943012,-0.218688638994214,5.00825300282791,0.0410432425846172,0.798588814164039,0.0290812508352864,0.648130948799357,-0.971453583049411
-0.0712897853336234,0.0151344287903759,-4.13303950851187,22.5737721110502,0.00888070631937765,0.0638107466548999,-0.10937775667613,5.68783098510982,0.0386883672368142,0.753239961447274,0.0286438822558731,0.624982289546591,-0.971221809660342
-0.091771008524598,0.015148337993743,-4.12178317536537,20.8913431576375,0.00874607696752771,0.0637688702893215,-0.094438472008806,5.57296605255202,0.0363934789331925,0.833498844250095,0.0290634592865201,0.621526425453084,-0.974645203632343
-0.0852950770972163,0.0156096251210674,-4.13522385832422,18.8806866476152,0.00858094265714902,0.0633745621125638,-0.124473771636353,5.51367133439013,0.0408899887000553,0.825145353187478,0.0288708503973415,0.640120113872327,-0.97183474990768
-0.06144297866914,0.01470908216098,-4.13098702283826,18.859114716959,0.0083767779297531,0.0620545976424987,-0.0445428586703478,5.2578158401845,0.0391934256354685,0.778732068143284,0.0295778263366797,0.648419030041492,-0.974012774845918
-0.118833838391725,0.0141699825680126,-4.14496792114908,16.8109313990568,0.00849130289293787,0.0615478056297873,-0.0502684920676248,5.2031850937284,0.0413920795114935,0.795298025796878,0.0297400883333247,0.627907483180615,-0.975734759687149
-0.118281235897252,0.0140511750479606,-4.12598271728733,18.1408565102995,0.00818175953322895,0.0595970544143356,0.128391203971034,5.26815876671114,0.0382987682142599,0.821912254311993,0.0300286840252491,0.635046375778019,-0.974407686311855
-0.101143712923038,0.0145067127198498,-4.10914274869755,20.5452338491886,0.00811890669745541,0.0602989986439143,0.204959549607512,5.03116730139133,0.0380680636779084,0.79589798022616,0.0299937445765803,0.620203726297446,-0.97027473409961
-0.104131409339894,0.0149373674505205,-4.10220160047493,22.1818618352873,0.0081657228190442,0.0613294138389743,0.171409550937158,5.23096165463605,0.0391335375288351,0.763658539754992,0.0299169239063268,0.632315890842474,-0.969743969523928
-0.0841197087021753,0.0148105767243948,-4.11409984193619,21.3840674735947,0.00804670909119469,0.0626171962633636,0.174304703819872,5.59902913529538,0.0373031152885519,0.736445967765751,0.0296871447003739,0.629670588151237,-0.971482054378321
-0.0909129194424961,0.0149350278718158,-4.14231309876403,22.3193853639711,0.00797952402415401,0.0634314000617442,0.155286959415167,5.61179124356817,0.0334520257905688,0.776560618174969,0.0295409846390312,0.622690660398543,-0.970068500523503
-0.10725858243095,0.0130988921051253,-4.12888761748301,24.5522237959559,0.00794129609148732,0.0640927554372568,0.397959830863436,6.80899097371375,0.0378158713353203,0.749490513013611,0.0298655947449852,0.577416866165461,-0.974996460927595
-0.115440633896342,0.0129297416865575,-4.10553022241496,24.0838978111796,0.00778903932917249,0.0633585083162228,0.361700014876637,6.98413973912057,0.0359594454933974,0.737969159794996,0.0296516310575888,0.555298324578285,-0.975802533412308
-0.0923943538000171,0.0144173955507222,-4.03751167674486,24.0577518204671,0.00770006583998956,0.0639510124985665,0.34677779218216,6.1113659821643,0.037107770140833,0.746393256187991,0.0291619278613163,0.520572768037765,-0.979779109973257
-0.0881397761883237,0.0140467653817642,-4.06337598762201,21.890218475165,0.00772564518468326,0.0660852991556532,0.229180029172758,6.11843953733577,0.0358111271966978,0.701439330198122,0.0288844972683352,0.571140414715878,-0.978784637535336
-0.105325411904138,0.0137426914229179,-4.05456980739885,20.1151591530385,0.00773113575989453,0.0661103087450288,0.133057346964764,6.52108271895067,0.0365901395775155,0.738085202078166,0.0287927285923779,0.587628882738859,-0.979255069808579
-0.124200630731529,0.0136261624824375,-4.06004692031841,19.6508731409182,0.00761143770825013,0.0680623083043248,0.0585407116861629,7.85435984105022,0.0364983643664066,0.76076405693418,0.0291887989537865,0.580051977168123,-0.980676825412578
-0.100035826097436,0.0136903220867158,-4.06258340686278,18.1925995376617,0.0073835588079087,0.0695369888161533,0.196907414275525,8.20181990501695,0.0313429542033851,0.765201056854096,0.029364536881546,0.581056954083913,-0.979837710101275
-0.105671659861445,0.0146110680952861,-4.10034066011699,18.4935998459984,0.00742953681181296,0.0701075642518082,0.204433840400149,8.69761827230305,0.0326281354059779,0.750178059214813,0.0299879828056024,0.585758020655572,-0.979907671883261
-0.108338510227916,0.0155882015252622,-4.14408627566926,19.9125077170156,0.00732587498565475,0.0713427531698181,0.241565679191109,8.34102887033026,0.036404928087344,0.726636265496264,0.0300120186576879,0.579408621687316,-0.980491604010177
-0.110697154568866,0.0158957493465074,-4.15560527396488,20.4397309256636,0.00754357990540815,0.071708278122369,0.113353277712589,7.93599472034952,0.0345950904992806,0.750015613538822,0.0299672405305671,0.594405233092075,-0.9819818176499
-0.0906686151978108,0.0148128675685152,-4.09840421882892,21.1721540376686,0.00718187606117734,0.0737416125186427,-0.0792128013859389,7.08798579802214,0.0333236822191873,0.784567647388131,0.0290333203731091,0.594131144289013,-0.982502969982889
-0.129112263787978,0.012045289986221,-4.11378048864111,19.0339073406434,0.00728583844746212,0.0728970763054162,-0.0482776704666159,8.40138839582516,0.0320204948284656,0.704673635721072,0.0286003638071328,0.607902931813288,-0.983954236011379
-0.128309086629397,0.0138054793931635,-4.14528759690234,18.6572733194029,0.00733594774010441,0.0710868375399541,-0.0400996765990655,8.88033184399324,0.0352429961121012,0.721180419581804,0.0288270606692545,0.567292059725136,-0.982957186312166
-0.135790339781334,0.0160600174095612,-4.16811494645657,18.549091885502,0.00710928920133435,0.0707683793001769,-0.114130831119961,8.52518779874698,0.0357101437466618,0.705367280170527,0.0283843603798386,0.551755355038411,-0.983834695721029
-0.122953491988161,0.0166679569726277,-4.10538098045361,19.9834245865897,0.00699409871592212,0.0692247886531947,-0.265523102138571,7.66604750869371,0.0342792435841405,0.717355561742742,0.0284903195998618,0.59173782168422,-0.983077757857579
-0.0809132268839898,0.016905840183581,-4.10504263760565,22.1635531668624,0.00718441427684524,0.069652173006766,-0.302275403510015,7.8209580819364,0.0337740921616248,0.73403397852733,0.0279808335196373,0.586534983245534,-0.983160402838365
-0.101640640051607,0.016873224538033,-4.04250129301731,21.2714195026961,0.00735058054439229,0.0705217478281363,-0.189763382292838,7.7483695195893,0.0341527436588142,0.749524425043606,0.0281483524514168,0.613502896798718,-0.981575650514929
-0.0840360498559792,0.0169718522166155,-3.98151833801917,21.7001882736359,0.00705122418420633,0.0723064550909363,-0.325879424963957,7.49281361985757,0.0338750572666336,0.742888844861968,0.0282569901343555,0.606438872335148,-0.981980486067504
-0.138789243668296,0.0168869349449921,-3.97534845416094,19.1963425369797,0.00685904316242829,0.0706628389414848,-0.346715345528936,7.29473624731839,0.0360534652489499,0.774115815119037,0.0286853016650619,0.556167997665541,-0.978734923665281
-0.122430655492747,0.017167626210156,-3.9685839842843,17.7889958193619,0.00684888904409102,0.069407619957645,-0.326458548182309,7.25727061425423,0.0367737945074253,0.74340640620959,0.0283877797786471,0.556811526794649,-0.978028019946956
-0.0889554239582148,0.0185415460043918,-3.92008622664422,18.6243010773695,0.00721170201002625,0.0715455171273073,-0.289905575749478,6.89036608665749,0.0334443891407731,0.734242982377126,0.0285889662110902,0.559966906582355,-0.977484166523288
-0.127313007866942,0.0192646698853502,-3.8225889556922,19.3658925852897,0.00734086546016676,0.0741763156876717,-0.153206872275357,7.52722190487767,0.0370262035320155,0.735831955298167,0.0288992093695924,0.566686717155156,-0.976892156891013
-0.132110324267522,0.0192852693648025,-3.80482997352226,20.2825436828412,0.00732620041763501,0.0704576269569892,-0.028873745084999,7.06300791705356,0.0344288279283771,0.732988674951164,0.0283313919777043,0.602990597076339,-0.976812077701856
-0.127129117613985,0.0178573249253398,-3.8697774090358,18.6218001693058,0.00753925028143069,0.0693983697227751,-0.0520574062489894,5.70665700835987,0.0361299566599452,0.734683280019073,0.0284672813717914,0.561754318811504,-0.97838728363775
-0.0943691482390575,0.0178167209685722,-3.84973682659665,19.2917148061144,0.0076691107756705,0.0713444729583786,-0.238727627305456,6.68435768245278,0.0340369101381284,0.722592213189065,0.0288783570758729,0.573528153240374,-0.977849421695718
-0.0853306989666977,0.0193161803905282,-3.83478472998769,17.6761414715346,0.00764561935895528,0.0728443060075391,-0.29416649305369,6.54037339656165,0.0340526129919426,0.827254338546277,0.029040683985131,0.574308433510685,-0.976983228763332
-0.085520505997335,0.0185911639515739,-3.80565570574911,16.8942959553068,0.00710756379765072,0.0715086802576065,-0.363178440109043,5.99385010158235,0.0347887050929913,0.868332794381505,0.0289411031629612,0.599514381905154,-0.977511062518105
-0.107755569633816,0.0205052608002499,-3.74909003793346,19.5772663118085,0.00686809595001904,0.071452951534833,-0.4703085799304,5.94664095147995,0.0300591444485085,0.910853982314975,0.0285138049581334,0.610794520371431,-0.979390915001162
-0.0882304745782534,0.0222243713448145,-3.68675383631143,19.5764700870638,0.00663671274381514,0.0720699526874975,-0.614616114507033,6.37228800327333,0.0348931939015713,0.887518248108502,0.028879853216951,0.666961605521496,-0.977935665616542
-0.0955961039691107,0.0211079074862408,-3.65623104502522,20.0105200751619,0.00648518085404876,0.0722516274180985,-0.602653243833533,6.31252091005617,0.0348891489696543,0.884194102534493,0.0288497638822522,0.688509913351954,-0.979174247482731
-0.0638266384657033,0.0228797548415503,-3.59779224510413,19.9779182342377,0.00646313594526867,0.0724248778065174,-0.611256233931857,6.18699467011401,0.0344227822225066,0.872514561070175,0.0285074201968851,0.684065761659769,-0.975944093826074
-0.102303592297836,0.0233906552796876,-3.61763798743605,19.5756366460788,0.0065103973998677,0.0731122785848872,-0.637785936337888,6.64021237698035,0.0344130148781628,0.848200122440781,0.0287457217439249,0.645787425869179,-0.974622871975486
-0.135647288189875,0.0246550086535541,-3.65987772199161,17.626633421542,0.00717374514246498,0.0697019870248649,-0.545578605005346,8.04743894150967,0.0314019179054259,0.789015701780817,0.0290742788347761,0.666052638069425,-0.979439528164914
-0.103594240006469,0.0244764171346237,-3.65882163924937,19.0604951627991,0.00708556898194061,0.0706492622965607,-0.488942528196866,7.71874790627743,0.0355303984983773,0.800939580515128,0.0295138859467188,0.622751747638536,-0.979366667417266
-0.104613066353247,0.0241407761710134,-3.68694449981741,19.5571441698985,0.00713929662077886,0.0713434708111518,-0.491104961620511,7.56789827466077,0.0349999876019886,0.807492262482488,0.0295149069747655,0.630643125850081,-0.978865530966024
-0.0986188013498569,0.0202686568308969,-3.65018501699376,18.1123732140111,0.00729790559505382,0.0724700653093525,-0.603206322580631,6.5917418996436,0.0384016174404267,0.849672803915432,0.029867363733546,0.607667879261594,-0.983877194098827
-0.109322657501614,0.0211052422484064,-3.65209647798855,19.7837930049905,0.00702046859719661,0.071022972116932,-0.562559785379533,6.53646932740802,0.0343971275639084,0.829403431343723,0.0298233497217175,0.583582726653532,-0.983705035181503
-0.0781598418620181,0.020134385509478,-3.65842476449902,17.1715117727852,0.00721720360923236,0.0733156993001452,-0.519172037962103,6.87434296588201,0.0369378818220094,0.793621471227968,0.0290934463368859,0.595531181672389,-0.984431694731163
-0.0988857402877948,0.0209602372821113,-3.66954266375123,18.6919111441296,0.00688449223296582,0.0730736976983987,-0.492469148288473,6.31747355912211,0.0372384464127137,0.847345058573796,0.0289915674565313,0.646340951327375,-0.983152658165464
-0.152314949505206,0.0222190368470669,-3.67047294051997,19.2833778553634,0.00691417537324695,0.0739464021412178,-0.478740421358429,6.22613734286197,0.0394517319519287,0.805048725215436,0.0289768504542285,0.66522148682061,-0.983323439892539
-0.104600341420333,0.0202821051360806,-3.67814714227581,19.9034492221306,0.00675662767083922,0.0726082267687724,-0.342358452699221,6.65892790350247,0.03655949447315,0.862411973977427,0.0290122034116267,0.69213210604862,-0.982352121737792
-0.10832716461454,0.0190717931004664,-3.64312268009663,20.800442012085,0.0069598681664877,0.0723964307796208,-0.391890285392687,7.28298791191968,0.0393601141065178,0.89231585268909,0.028955310398429,0.681785063860273,-0.982593136871128
-0.141196620554239,0.0196713508735994,-3.6215007561479,22.2054164807517,0.00762779553308786,0.0714858690421127,-0.446667791120779,7.25707254029179,0.03292645858393,0.877203836405809,0.0288543828928284,0.673089586036778,-0.983616814179152
-0.119533582586461,0.0184459401204932,-3.64169332136031,22.2609906736683,0.0076210639882527,0.0695455259557909,-0.495868994753885,7.16277268900181,0.0335312634539747,0.895957520636126,0.0294591252885432,0.673693474577887,-0.984146983725486
-0.0883527782348326,0.020102632946407,-3.58722514165077,18.7210766892716,0.00773884639558171,0.068256395114657,-0.402086947079801,6.65405647880832,0.0391678085996304,0.865544410693303,0.0292699183942058,0.645258618948776,-0.983687035830885
-0.105102778018965,0.0209119618935216,-3.54616513691657,19.1372975511413,0.00753002523752148,0.0699436055867237,-0.435494633357295,6.96086565217738,0.0358315113385912,0.80601671950426,0.0293590811423921,0.600682037768589,-0.981873753747359
-0.0874309413909553,0.0212936991628554,-3.48875449281793,19.3470231158929,0.00753328794040696,0.0675615512678361,-0.423387161033671,5.86084323552881,0.0329551604713828,0.785194474363836,0.0294862323006646,0.596665720683595,-0.982350832312421
-0.0994516690243524,0.0217028905443773,-3.43131946707151,20.8542809505936,0.007454908113102,0.0673800733904351,-0.362242474776568,5.98448925636864,0.0359395946287461,0.807650212675836,0.0290669273267105,0.604845525521709,-0.986186552235134
-0.0905929014372062,0.0203626844378113,-3.40164684642714,19.0819214076177,0.00724309347483464,0.0668406800534268,-0.31149156878891,5.70243340376501,0.0385429350083688,0.766103801922923,0.0296030713685705,0.62642492586187,-0.986901390839915
-0.123585980977702,0.0208120297504371,-3.4091919063822,17.1342561978847,0.00702658458492649,0.0663850295466653,-0.312422042648849,5.88365048656943,0.036017732038001,0.753042459787812,0.0296545588931011,0.586691308019901,-0.982752442255796
-0.0920484469937927,0.0202098843907437,-3.40479413100114,19.0410461632501,0.00691793532411029,0.0668725023250763,-0.255456461475462,6.14350160202453,0.0382549857442857,0.790365520986931,0.0289801962889346,0.569863851918512,-0.982565790415006
-0.10034004777587,0.0201276439399282,-3.42075274981136,17.6673364636652,0.00712042059685168,0.0653559919972687,-0.232168624785368,6.059250054719,0.0385065631267589,0.781439863868014,0.0290717727860729,0.570778116377059,-0.983426145397041
-0.111633383364376,0.0193198876371456,-3.41627012690207,16.0278058284075,0.00707620235168136,0.0659176537014143,-0.152466103203974,6.3684816812752,0.0376233515491026,0.783571911761564,0.0291732288444543,0.570662716742401,-0.982299154321335
-0.0928443187142046,0.0208689128015543,-3.4153014106079,17.2280595037541,0.00705261261440404,0.0673153235243045,-0.268390238877911,5.4307097943772,0.0342734023435988,0.787850591668561,0.0293655540470712,0.598691615703188,-0.984018633638141
-0.0732182204806837,0.0204251276481588,-3.41935644747745,18.5722177745969,0.00735660737813692,0.0672854297108588,-0.0847385663169045,5.80662304939566,0.0333236627996269,0.784071664555852,0.0295270240606381,0.597844628401646,-0.985640648010577
-0.070648058252052,0.0199637620595564,-3.40449489069154,19.2941825837485,0.007358182218747,0.0670789956802934,-0.0775787961960853,5.84078074998894,0.0364565097781921,0.80029161041809,0.0290754094968075,0.600806007371685,-0.985668911146652
-0.0797561321218741,0.0196786980214818,-3.39060158351021,18.0173479466387,0.0074129509173321,0.0677126689048842,-0.0401395157452964,6.05381226970605,0.0373782945547348,0.774032058274124,0.0290532181647185,0.566210384951317,-0.98610394417253
-0.08990372626342,0.0206364022972727,-3.37347177489059,17.2951479140894,0.00722246378118007,0.0665510573403609,-0.0248105618873573,5.66935950625123,0.0319095526755394,0.805281469558497,0.0294009931133462,0.561849282716964,-0.983963759664579
-0.103754343411326,0.018055491231812,-3.34566785231204,18.5141201865676,0.00737024027424827,0.0661405165262233,-0.200970329518833,5.49084135607031,0.0410270649443457,0.818891406163059,0.0295869626634792,0.589885325553591,-0.984864300474612
-0.125043852602691,0.018139954683311,-3.39815559513271,17.8513704403884,0.00726153124705377,0.0644949325041251,-0.252123882622643,5.88156501482053,0.0364856327695005,0.808810452494107,0.0298338965503542,0.599030947371225,-0.984853652647267
-0.111843538383457,0.0194151811456037,-3.34970615288311,17.368422622338,0.0067764993265379,0.0664740359638812,-0.298223622206822,6.46274214677496,0.0334813945747783,0.857450145223852,0.0285826901867472,0.605235514896911,-0.98512897580387
-0.0619118864560878,0.0230127755717918,-3.34473100714706,18.6953023683221,0.00677506749451063,0.067080259015056,-0.306237095948972,5.51146830614224,0.037096058732789,0.856690816601431,0.0297241201404292,0.573585385975856,-0.986466649895564
-0.0944582502792072,0.0210819897595938,-3.29408057564971,17.6604518767765,0.00678456777591797,0.0650754355482818,-0.316381752785465,5.52148704275263,0.0340525349662417,0.841812376145622,0.0303066208218655,0.572412856846638,-0.986308195694255
-0.0695176234022016,0.0200270792213352,-3.32053776833079,18.9218901145313,0.00657237704902456,0.0637213649797532,-0.350453103773814,5.99943092248108,0.0379903827810011,0.847011102986798,0.0300597164809268,0.581294781942004,-0.985406606212539
-0.0820982275408878,0.017614237623367,-3.26184318786833,19.8848989662059,0.00696301975917536,0.0654133927194462,-0.181266879066653,6.3343686654881,0.0393200692297648,0.814224575281641,0.0306499742908745,0.572758871486701,-0.984463515671555
-0.0584272022789178,0.0169744967899098,-3.2864493193384,19.2015499420979,0.00675994531676911,0.066257744110989,-0.0587515349839616,5.52847453512534,0.0359494745547847,0.778552481996029,0.0306468090252511,0.549307327353434,-0.985849711515739
-0.124980954888521,0.0169238910126042,-3.29639158711815,18.9113646170476,0.00662910459052518,0.0652929657870906,-0.125192257083454,5.66407320662794,0.0346443870533721,0.793742382113606,0.0309481524561281,0.51839877027706,-0.986718494087494
-0.0814070957087786,0.0159102911236344,-3.23757880791092,22.4523193108154,0.00668889442155456,0.0664841408821231,-0.139399321624588,6.89570394318389,0.0378607107209796,0.780203479185126,0.031086249166384,0.562117190349614,-0.987973797547979
-0.110936150818891,0.0168275183748059,-3.22686060718705,19.8450430594899,0.00677693751891046,0.0667242449863863,-0.168444366591499,6.18376365197734,0.0383218279451997,0.816760460542513,0.0309020057319497,0.574167883479407,-0.986997312947983
