"m1","d1","m2","d2","sigma1","sigma2","rho1","lambda","v1","v2","phi1","phi2","rho2"
-0.016220144316541,0.0622934583241915,-1.78339198100427,17.1920173671518,0.0183657986393585,0.0458385212803849,0.317267283199389,0.0632399920633996,0.0371838380120455,2.13470013168569,0.0347879727365767,1.3584677617398,-0.685669467156102
-0.0170998770344001,0.0622065129070558,-1.81624627359133,18.1220465169102,0.0184332534703301,0.046419412760909,0.381701853938751,0.0792777797388393,0.0360442384554406,2.14580189261712,0.0348328142363262,1.34612971808685,-0.699053985490601
-0.0329393412077245,0.0678587341926741,-1.77921560421385,18.1869036327904,0.0180653026581247,0.0468130472438726,0.379201421127043,0.0660904988752662,0.036063853624847,2.12020359631351,0.0344850841553822,1.30487471979628,-0.716328380702876
-0.021862414381682,0.0643755838032017,-1.75683380097507,18.2588382188521,0.018319626319911,0.0454987801896249,0.374561042408577,0.0790006561064437,0.0372440085180664,2.14602487455943,0.0348165773827105,1.18500694662209,-0.720384403574467
-0.0119414793006043,0.0610044256793401,-1.75202354892066,18.803677821644,0.0182133198949723,0.0445145235976037,0.387378728880388,0.0784978651712369,0.0404768683128724,2.13223059974915,0.0346714053872333,1.19004572025589,-0.735292252477576
-0.0148267838284054,0.0565314138136626,-1.77124398324725,18.3482109412694,0.0179683798819828,0.044619936541113,0.418259443200942,0.111958676246942,0.0375210086745262,2.07972220355735,0.0343320874202006,1.16474924957545,-0.722344543879164
0.000707235873393313,0.0548552037247756,-1.79161861165191,17.5081157287527,0.0180214943870924,0.0449499603055659,0.363729699258837,0.0707029622116622,0.0465112142461611,2.03944132856552,0.0345671793861886,1.25031154028257,-0.734621662911332
-0.0319416863439554,0.0583163852043903,-1.81412943819191,17.9996388494024,0.0178195683251394,0.0441721983536887,0.496716203785696,0.0974775410481253,0.0375077206243525,2.05489032516729,0.0343870961519842,1.27948419455755,-0.739613384465987
-0.0405589436697079,0.0567591175800383,-1.77603217861827,18.4871181184927,0.0174610922639197,0.0442454760362949,0.435874337811418,0.0607203230891478,0.0373829386775032,2.05009585945194,0.0348438363762446,1.30536289679423,-0.753582950332828
-0.0230436436360398,0.050795694851557,-1.70295674044308,18.6596324793781,0.0172384685311185,0.0436056027320119,0.252753009979297,0.0472816419176444,0.0368546649721888,2.0367756229609,0.0350199247981861,1.34885860336228,-0.751581497080532
-0.0120070274271581,0.0498902601578224,-1.70419595575708,18.4325007503862,0.0175511371185765,0.0435904727137615,0.408054369452976,0.0366931649263425,0.0377939251238881,2.04458532484674,0.0351436359696847,1.3391985655969,-0.770712595923931
-0.0036410314332527,0.0490437217322544,-1.73705346953521,17.6435585542191,0.0172085835473751,0.0428178836775596,0.317549136008847,0.0439663411139046,0.043215970076708,2.00878895456581,0.0350533885145527,1.38732293951427,-0.782862651996446
-0.0203855144848604,0.0494371564344698,-1.75219005354197,18.0610295344435,0.0164338364061569,0.0434116839724085,0.509731221135356,0.0424205049648076,0.0374954254960402,1.95640286606267,0.0347506030753173,1.44773679866063,-0.778200673936576
-0.0121647528129627,0.0496061821120862,-1.74905275029457,19.301502057896,0.016547134054484,0.0429908668660086,0.684941428357067,0.0516280953601508,0.0392552268839457,1.98273012929644,0.0346623545494392,1.49393520997013,-0.773038839089491
-0.0121647528129627,0.0496061821120862,-1.74905275029457,19.301502057896,0.016547134054484,0.0429908668660086,0.684941428357067,0.0516280953601508,0.0392552268839457,1.98273012929644,0.0346623545494392,1.49393520997013,-0.773038839089491
-0.00863685967539999,0.0503147736640689,-1.78979436702081,20.014361074425,0.017218914263011,0.0429694332230778,0.702641458346788,0.0493362276147146,0.0391222202634757,1.96194030877387,0.0347825063208611,1.53189771616881,-0.774050631619752
-0.0126020684681348,0.0498331214415508,-1.8176886231934,19.8907447208913,0.0169700287135967,0.0421992420535226,0.683629830694192,0.0593055849498425,0.0435801879597594,1.97148584954009,0.0349579997283283,1.49172939429266,-0.787467267735581
-0.00314279973390029,0.0510986348077954,-1.85512731254278,18.128152916683,0.0169645959824433,0.0439746292085815,0.156480116906242,0.0703628709818289,0.0384234820200801,1.97772471735453,0.0349540523890116,1.48873105545463,-0.752850695381153
-0.0211232892867592,0.0529965460753731,-1.86100257610421,18.2751797113813,0.0168772830151927,0.0441033043235785,0.0744774731336452,0.0829617108105707,0.0347955039529106,1.99856918323824,0.0349144802077159,1.48146576446707,-0.758147595511269
-0.00351166492037331,0.0523623032244095,-1.8474981306996,16.670561489141,0.0165048506085931,0.0434795374491324,-0.16386814127884,0.0616101748110816,0.0397711524536481,1.93068632311054,0.034965567568687,1.56281872626401,-0.755919764033784
-0.0145571607580611,0.0504151907829049,-1.79439772543137,16.9342523684678,0.0165777007968188,0.0434636637630759,-0.00617006362313073,0.0540698738259552,0.0372053585594827,1.93154164801933,0.0353188784579243,1.61233920156291,-0.732057178487951
-0.017401822067731,0.0527914830426707,-1.77614894740205,17.7161576051806,0.0163744189980396,0.0430818982874882,-0.205481800566638,0.0562991897880569,0.0389480535409358,1.94139406320104,0.035222811457481,1.61657768149069,-0.742649132307277
-0.0108652099454044,0.0536110251275597,-1.77263613587087,18.8381608541421,0.015635113657384,0.0430694776801344,-0.102048462491457,0.0598633491784633,0.0412266695091519,1.93166514260662,0.0352172546040801,1.66227758724022,-0.746696669711231
-0.0208985513534295,0.0550479263495756,-1.79736301254613,18.2862217252181,0.0162877973439183,0.0429070867594552,-0.287377408157101,0.0417890978438187,0.0391222390888579,1.9624133861727,0.0357603661997097,1.67812789441206,-0.763972321986763
-0.0168421356779602,0.0495644378186622,-1.76577291390816,17.6375721956676,0.0168887608775954,0.0442592553057374,-0.0515965511536244,0.0503508005563896,0.0465321643513831,1.99625143234843,0.0361647051700496,1.52380930563914,-0.739995152765903
-0.00963705764727649,0.0495934900380954,-1.79600717818,16.4487963608213,0.0177551703665845,0.0440119094099742,-0.31095488767431,0.0657597413793686,0.0409097783477653,1.95876528985258,0.0350328924336606,1.48264602950057,-0.749135681608243
-0.021525346938062,0.0459098605154213,-1.82090221670321,17.7352268509046,0.0181240064354205,0.0436214554077432,-0.386104462826553,0.0508073733212911,0.0355070304591535,1.95601773848252,0.0353132707264231,1.48588559163933,-0.740258975702617
-0.00394416059688782,0.0469262096739986,-1.83305076758346,18.2934467481754,0.0181830011799958,0.0436775869446755,-0.566285092410736,0.0488332849889911,0.0456954588204752,1.90791727489055,0.0357361012345872,1.46222015379949,-0.736372366258661
-0.0124395964922696,0.0483328438086001,-1.82975207627587,18.0580226088029,0.0186108395853572,0.0438271009914395,-0.489053410018826,0.0695923734443668,0.0386514493772946,1.94619799491066,0.0357491910325359,1.44456848561265,-0.7392065812746
-0.0176210952301244,0.0516349597888706,-1.83722897195784,16.5695675175717,0.0181749202235542,0.0439500453724261,-0.329901654545531,0.0541538374631045,0.0432502947236136,1.97481303862847,0.0367463171923342,1.44802588992249,-0.749694837985887
0.000111324160579393,0.0530343999442204,-1.81578109023142,16.9201040483035,0.0179592447016205,0.0443300191167978,-0.113434322273756,0.0487517857804182,0.0457969996922236,1.97032301583137,0.0365604964076729,1.4575794188359,-0.729746013790816
-0.011927984503473,0.0497030965726142,-1.75897916494386,18.3305034758225,0.0172210796870278,0.0451499094151277,-0.175836320976652,0.0357657866238164,0.0349481494208435,1.94283631988729,0.0365033625845638,1.43213298324081,-0.760940828524751
-0.024767440911405,0.0483858335353036,-1.76338890131313,17.4974493019839,0.017487511066522,0.0453915700464807,-0.335853431781363,0.0359547497859222,0.046241329783254,1.91300027600236,0.0364000489355843,1.45502294691485,-0.783776480001417
-0.00797253144589355,0.0465814403871149,-1.73851303629965,18.2279793446569,0.0187546558645429,0.0455940254153414,-0.337853614200114,0.0432219681349223,0.0474742955032524,1.96874454591992,0.0361570308721405,1.43407399820328,-0.775781762820502
-0.0124243816299501,0.0472961212041578,-1.72789202715049,17.8994967368251,0.0190363025632959,0.0455537159231621,-0.223278417250587,0.0433455771050024,0.0363152824348048,1.96531613751912,0.0360324165778076,1.43994395495038,-0.774383465431091
-0.0170266809651382,0.043091236631539,-1.73173802279634,17.5444009212284,0.018073903645096,0.0455383486437154,-0.318129964519885,0.0512036273363247,0.0458386177372968,1.91587523051254,0.0357408540368556,1.46642048921551,-0.788581995152762
-0.0084106354321818,0.0432379701740442,-1.70021813468395,18.3791502675835,0.0170433247340048,0.045214295880367,-0.151639257873037,0.0892002840661155,0.0430347842593774,1.9506158494955,0.0358688005053494,1.42932778585195,-0.799104480407447
-0.0123888283926348,0.0449933822402672,-1.66676708076558,17.2047251431351,0.0174378656479597,0.0456996814110881,-0.355907321411221,0.0886528743396942,0.0391010869860555,1.98166696634348,0.0352670271637724,1.39489276881296,-0.783920212460923
-0.00751577180610572,0.0460502145479197,-1.63057424622921,18.3610401046617,0.0174554774496223,0.046179387180048,-0.247572430773456,0.076031365621815,0.0440204507199942,1.9700328749099,0.0354557879861163,1.451468798346,-0.772886345587918
-0.014312290715285,0.0460191844815104,-1.63864716391956,18.14935932754,0.0175020137858817,0.0467244414748132,-0.367841264763913,0.0504078073034827,0.0373153710575885,1.98608528996328,0.0354925700957171,1.44603365097727,-0.750735200803622
-0.0290481734822307,0.0453228472521363,-1.61596143666834,18.6073291042614,0.0178055405626204,0.046573633748181,-0.365779688216294,0.0502504686859879,0.0342627818822825,2.00340193360936,0.0352488712047451,1.4416185816112,-0.748061766793548
-0.0167985220475081,0.0512328479049287,-1.63488569080317,17.9628700213525,0.0184355637340142,0.04655400600328,-0.411087822140482,0.0401333691036942,0.0371754339799951,1.98903910152568,0.0348238690859642,1.3968517767558,-0.763621989574325
-0.0226478475567835,0.0534123696531681,-1.61912893162283,17.9392671110015,0.0184474401337723,0.0462742510879283,-0.41114755465797,0.0418984392088525,0.0383436522390917,2.03473395630915,0.0353180454050632,1.42358411683246,-0.774845081393954
-0.00663081604666739,0.0549437789236672,-1.64368180272724,17.656170105413,0.0184024345557403,0.0464599564367484,-0.429016374285499,0.0527351841609805,0.035091189163769,2.01966604286611,0.03517582288309,1.44474094190176,-0.771710681171367
-0.0251094130608931,0.0558604702366681,-1.65796546187011,18.1236202767404,0.0179970943982137,0.0457266144825885,-0.461494955450974,0.0432071367902355,0.0343457525409593,1.99394956898356,0.0351307330058903,1.43209926456879,-0.761838623314563
-0.00526202418927877,0.0515118139947499,-1.66558166180385,19.517957485048,0.0174181149534392,0.0473432123532903,-0.167418754974689,0.0692248965021194,0.038366983051096,2.01132763467875,0.0342750972643198,1.42474203932343,-0.775141177851884
0.000506930333577316,0.0507429267174687,-1.66792591981073,20.1822869007828,0.0170543521877946,0.0482496476844466,0.0139056576805949,0.0685930139014972,0.0475136503573085,2.03177068953768,0.0341468430530187,1.47034953572224,-0.77936730797378
-0.0170502332424517,0.0586107713623391,-1.64646280665864,19.8040048537004,0.0170454603905601,0.0480325372809724,-0.203763525037652,0.0460784314963312,0.0386588869234764,2.09822117728612,0.0338354355414161,1.53851088930895,-0.785184064947206
-0.00458759616244398,0.0564940352482638,-1.63278219189685,18.6566092202678,0.0171137005022058,0.0481548313446159,-0.254670577904729,0.0518761300935139,0.0373136021943201,2.1121862747231,0.03370473190968,1.47942658972618,-0.77820817957601
-0.00948347576714545,0.0580804449239333,-1.63025692509636,17.7250934256174,0.0166384855140987,0.0477243846126712,0.205130364194812,0.0461767785101424,0.0416438710225482,2.11897596335936,0.0328995293883517,1.48347659298389,-0.778543769495714
-0.00864095355671238,0.0601777080002073,-1.6255644449871,18.3445468041265,0.0170266410771941,0.0470363327233608,-0.0130987757489725,0.0565886094354177,0.038417364115735,2.17237483198034,0.0326612525767695,1.53227483693256,-0.789651926654158
-0.0154753041481587,0.0602850955042939,-1.59545668751577,17.734315595225,0.0167733089614575,0.0460302901973189,-0.130592337384907,0.0406101402915883,0.0370412366685662,2.13318563833285,0.0328630083377421,1.57767004892465,-0.829187013273817
-0.0134756980323624,0.061615620614612,-1.59623240586538,18.0036258251014,0.0170407590170278,0.046022328453266,-0.307464371017352,0.0407246895921966,0.0365136679087164,2.14610821628644,0.0324623890708118,1.57756072322294,-0.8192408187256
-0.020104478984298,0.0540736862234711,-1.58879925554168,17.9613590586504,0.0176826606002375,0.0454799952560645,-0.347178439458732,0.0378585931463855,0.0417783561353927,2.07394691279637,0.0326339339928353,1.62165637226143,-0.850526011854094
-0.020104478984298,0.0540736862234711,-1.58879925554168,17.9613590586504,0.0176826606002375,0.0454799952560645,-0.347178439458732,0.0378585931463855,0.0417783561353927,2.07394691279637,0.0326339339928353,1.62165637226143,-0.850526011854094
-0.020104478984298,0.0540736862234711,-1.58879925554168,17.9613590586504,0.0176826606002375,0.0454799952560645,-0.347178439458732,0.0378585931463855,0.0417783561353927,2.07394691279637,0.0326339339928353,1.62165637226143,-0.850526011854094
-0.00998456539729803,0.052995135008402,-1.61141831883315,17.7442110000955,0.0173556162272152,0.0444733552266061,-0.368293383185086,0.0426110729084442,0.0422234574158811,2.07778275866361,0.0321900418716343,1.64746016734451,-0.847777598846261
-0.00749772253095427,0.0543573088750244,-1.59055300326403,18.9490115757659,0.0175826640683898,0.0443684561692965,-0.390511030485728,0.0395144591458142,0.0326984654897454,2.06076194346746,0.0324665651196045,1.56856090308176,-0.846478462634981
-0.019081430419187,0.0520539131604882,-1.5845132220619,18.400759521049,0.0172490431764048,0.0449571606302431,-0.441702265271657,0.027788153378755,0.0444427068437056,2.0437100313441,0.0321048021086232,1.63422722018613,-0.839449897713614
-0.013371072134708,0.0533729808402024,-1.58617645216804,18.1964189459178,0.0168403979415137,0.0460803316283923,-0.406064655288742,0.0264422365603699,0.0452730175895668,2.06857506156152,0.0317627439009465,1.67374010575171,-0.849601506331027
-0.012172854734088,0.0537244866399226,-1.5658098665242,18.0409250990321,0.0164647024264488,0.0450768899841009,-0.459878774196807,0.0379104780264178,0.0400301523667147,2.02784141923322,0.031579455443041,1.7441808822611,-0.850493643450144
-0.00513359823299963,0.0544849612418845,-1.57590791274716,18.2941046719212,0.0160862305973552,0.0457040036062605,-0.390935965389344,0.0559178778795169,0.0371853803485124,2.00859310421625,0.0315843372158384,1.71174103825594,-0.85610346508227
-0.00601506055434128,0.055241181517834,-1.58079488843896,19.1351227931131,0.0161767111308348,0.0453626604844199,-0.501512665926583,0.0609968722403804,0.0426150171936187,1.96614706815734,0.0316011201938993,1.70362250791812,-0.865565935605793
-0.0253338817763084,0.0494061277041745,-1.57858094181477,19.7526058997102,0.0161077772709415,0.0452535957412903,-0.388831006462154,0.0315121138789446,0.044184694560528,1.95391345193648,0.0317499580212225,1.78781842162333,-0.87438955564121
-0.00895280497310971,0.0490643862977856,-1.56893013573238,18.6820659038674,0.0154671998884554,0.045393332680918,-0.163992476891876,0.0281091645109425,0.0452500551929627,1.99488553212536,0.0315177415627073,1.7468352715839,-0.876604166333036
-0.0169230828179701,0.0463418095445755,-1.55435603711734,19.4113129861607,0.0158405407954242,0.0452889296502741,-0.000276731818776686,0.0300042796407745,0.0455566313492798,1.99135031113451,0.0313920012902811,1.71593362142836,-0.869607304639889
-0.0112657531783361,0.0463571933306524,-1.56239256392751,19.6169369182497,0.0156230442279518,0.0459240635208478,0.267270817685068,0.0455324111291165,0.0373854296517421,2.01474724922481,0.0315824272995842,1.7671218169173,-0.866102119910676
-0.00719979506548716,0.0443188492356946,-1.57668752489874,16.8575311798788,0.0159321092334408,0.045418221092,0.20732408803533,0.0398398539701093,0.039025087138084,2.10045249312375,0.0324514906325531,1.70543064427984,-0.861124551396946
-0.0168687566606605,0.0439558782927298,-1.61355267665947,16.7303292628234,0.0160630305246323,0.0463085977823231,0.18147077976522,0.0611246937501749,0.0408376601340769,2.12073602377918,0.0321724309586746,1.7308613047903,-0.849126917026997
-0.0163512698663041,0.0457421403878136,-1.61003005688653,16.2581910955727,0.015986769599893,0.0460348763092496,0.176571348524563,0.0433888060704942,0.0440816597516849,2.13411577655321,0.0325514079129885,1.760041463542,-0.861928993613062
-0.0160047239441864,0.0483052105073625,-1.58232772952029,16.6389355821846,0.0156032848028245,0.047510520771275,0.37503984318112,0.0415190563808219,0.0412738382138276,2.16052380163509,0.032685735486702,1.66806419791004,-0.879214049305421
-0.0106054406605626,0.0476848988092169,-1.62695881212025,17.2907749303177,0.0155031648014633,0.0480675047969232,-0.016237921562044,0.0404751177124984,0.0463441991272571,2.1087570677164,0.0325270403775382,1.60906448013384,-0.884581024065277
-0.0159731058960318,0.0442536305424188,-1.64856132668928,18.923897789852,0.0160796475389979,0.0471322068778621,-0.144005178689227,0.0444124230959705,0.0407582406844277,2.08956527593192,0.0323054027645002,1.66813572612842,-0.883414355869828
-0.0127864637072585,0.0450718263450191,-1.66815333708278,19.3098652304314,0.0156935762696448,0.0458305020820767,-0.204772550243325,0.049653998314188,0.0436647216399808,2.10044965799523,0.0321497327364862,1.73431277861141,-0.888847827563387
-0.0108931049950641,0.0453458459975495,-1.66120809790043,18.9944987092135,0.0149798668060983,0.0452737999521724,-0.323308104103655,0.0424709137219622,0.0446911758697907,2.10158647216631,0.0324074924366603,1.79895377113458,-0.881908009436613
-0.00897383927025183,0.0463279267491332,-1.60709099150589,18.3767579858792,0.014938647565718,0.0457090214448101,-0.41190028485335,0.0301785274838809,0.0462739444788658,2.10503416564874,0.0315819452638264,1.81586920593413,-0.88825512035821
-0.0132769840741025,0.0450570521582336,-1.63770114638803,17.3736354061141,0.0149561378143889,0.0451443934804819,-0.379404475872021,0.0543682813311663,0.0453767024727455,2.06183818130055,0.0318595907809158,1.78801191161654,-0.88528032625629
-0.016528564034352,0.0447427595623796,-1.61858909223349,18.0166387433709,0.0149681844046404,0.0440106369603928,-0.402098680525774,0.0441348336499524,0.0441091821875964,2.02936530532275,0.0312116706079687,1.82943809928978,-0.892642832258728
-0.0161101214029157,0.0451463467154194,-1.62974778191495,17.9992585072842,0.0147212694842113,0.0435797233383141,-0.435970467886472,0.0629598778942602,0.0398514596448823,2.01125789797329,0.0312913182158738,1.81504564931116,-0.887044528166898
-0.00681038491823405,0.0462407528855422,-1.63110544362221,17.930718450375,0.0146298219830195,0.0433081168470287,-0.545513142408427,0.0553892120420768,0.0420113906280185,1.99431313123579,0.0310139182926429,1.7700758681583,-0.884527530122463
-0.0144253963702839,0.0462014516186149,-1.6297214328048,18.0461176611862,0.0145727010120525,0.0430863101718022,-0.493937167174476,0.0524408274966195,0.037026944900482,2.02057521701203,0.0308811324889821,1.78908612454506,-0.880214566518477
-0.0153753239553488,0.0473924888746408,-1.62022134496244,18.1804191708687,0.0147480256211728,0.0436736870794413,-0.621324297813054,0.0487196282002556,0.0406142243423645,2.03409946157507,0.0309740726900805,1.79888374292225,-0.878212082785869
-0.00749884028298635,0.0508745818398841,-1.64133619545899,18.2264671171305,0.0149535257203079,0.0429095086342342,-0.616580147632888,0.0629508903412578,0.0421699259346964,2.09126213798917,0.0309727741271832,1.75922178624176,-0.870713411861436
-0.00932699489920355,0.0469030139867946,-1.67790872069114,17.9549120121952,0.0151797014059136,0.0441819625152203,-0.326973158636989,0.0491714179821769,0.0411973472254132,2.1093436126715,0.0306629456024995,1.78023899701983,-0.881494945213551
-0.00932699489920355,0.0469030139867946,-1.67790872069114,17.9549120121952,0.0151797014059136,0.0441819625152203,-0.326973158636989,0.0491714179821769,0.0411973472254132,2.1093436126715,0.0306629456024995,1.78023899701983,-0.881494945213551
-0.012201231872152,0.0490913797699248,-1.68152160245391,17.5570658573704,0.0149592569686053,0.0443228788622347,-0.252748466590672,0.0421103482124029,0.0435317700039741,2.1206770575576,0.030665636344247,1.77981345501134,-0.880352460704927
-0.012201231872152,0.0490913797699248,-1.68152160245391,17.5570658573704,0.0149592569686053,0.0443228788622347,-0.252748466590672,0.0421103482124029,0.0435317700039741,2.1206770575576,0.030665636344247,1.77981345501134,-0.880352460704927
-0.0201916433070897,0.0490213852087547,-1.58739954138898,17.8246938033485,0.0148764670436652,0.0459923622999754,-0.0540705356195107,0.0369851595395553,0.0447397086179107,2.09699578853668,0.0309549610517247,1.87579588473767,-0.883974945424464
-0.00651761872439933,0.0500087680573844,-1.56172638604637,16.8071973014612,0.0144469417266331,0.0453024329037487,-0.322034071897007,0.0487123518962756,0.038246098618362,2.07114912609304,0.0312606896605313,1.86628191372733,-0.882952783645825
-0.0222410594432284,0.0532537366623671,-1.57487622094772,18.3059951682747,0.0142130177925215,0.0460554119180188,-0.457563732507196,0.0550238168400637,0.032469488591596,2.07094326210233,0.0311147841754282,1.80242942014048,-0.877643431553938
-0.0162258615141267,0.0533197008560366,-1.56603927664905,18.9202348115232,0.0142818433903108,0.0462460363998349,-0.391381272798579,0.0655799290674451,0.0359385943828741,2.06141335463736,0.0309887911130548,1.84012657777412,-0.882881471158734
-0.00984971994717717,0.04801993354362,-1.5207334093109,18.6639698664952,0.0142264948910301,0.0461592667867611,-0.388341872845217,0.0737851809023764,0.0403391589152349,2.0506404817382,0.0308613879161426,1.83930408420943,-0.87342278189191
-0.0104378109774651,0.0480297232027084,-1.54788426936249,19.6910304311247,0.0140788446250343,0.0467916709794957,-0.337574130648214,0.0609013962574806,0.0400894944396087,2.0735215041417,0.0310428041269031,1.7909742615807,-0.862488306303407
-0.00505325387375609,0.0502127290541634,-1.51303850648193,18.4502507002501,0.0134830496811372,0.0478541531763995,-0.441973772437665,0.0406104984659847,0.0412267133509383,2.05094906409561,0.0308308760695212,1.8550065424229,-0.862171881371779
-0.0167000803216265,0.055227639595176,-1.52600338757023,17.490785830453,0.0132370705369721,0.0499817887047208,-0.392406289500582,0.0363068338103287,0.0451021091265062,2.01383368195508,0.0306068467136246,1.84248275217527,-0.868902533510211
-0.00611421106027044,0.0509883912065811,-1.53221488849372,18.6065280913664,0.013759456229637,0.0502434515304944,-0.375899484259043,0.0564790107584548,0.03302127027697,2.02129351855807,0.030556348179955,1.80152417509642,-0.880895386115459
-0.0183582852219273,0.0492850507843853,-1.52649772000215,18.8177795180038,0.0140402154791443,0.0498205573852812,-0.426671503037112,0.0525625237347855,0.0432492973705993,2.01260507181835,0.0306135288186021,1.75798037126355,-0.888880207797468
-0.00969217192271496,0.0451616046287739,-1.53476763624851,19.1607269418904,0.0142958062478648,0.0496185032802715,-0.486226973562118,0.056048773099406,0.0427953692994419,1.99374916950457,0.0308683419000961,1.77401596317288,-0.894806053826816
-0.00816594276810128,0.0430027886051535,-1.46421935429845,18.6382002861378,0.0139188226594031,0.0507247857636048,-0.672933662262658,0.0362573300177258,0.0469059200373257,1.97294246352733,0.0314005486722283,1.81108526853803,-0.886395697380616
-0.0142200514641994,0.0433425242521414,-1.46906706515285,16.8198132594047,0.0139872831740742,0.0518454822091928,-0.716238734915484,0.0346210538461953,0.0403639657433529,1.92963384215007,0.0314524103088448,1.75794547496873,-0.89511519217537
-0.0301787165824977,0.0411638937361729,-1.48654870241371,16.5680259075785,0.0143042858809306,0.052034136562068,-0.721754129023071,0.0435004060191962,0.0451896288920057,1.93946011631981,0.0313679155004051,1.72818990357095,-0.896472572070724
-0.0108111535153227,0.0474529740050525,-1.50208224240994,18.6276941477234,0.0142553316697987,0.0507382682510112,-0.8687672060279,0.0539956214182905,0.0433718694283647,1.89243371478945,0.031011493040935,1.68578594132059,-0.90226676184076
-0.0158125632094671,0.0470947053430209,-1.51432190002291,17.4646133138562,0.0144737174437287,0.050020350303197,-0.819349125764078,0.0483146450807427,0.0391685192695779,1.91320680986245,0.0312941453214787,1.71301236895174,-0.898858176476357
-0.0171186566250312,0.0481116007422031,-1.51769360416663,18.2944166026102,0.0143038003406777,0.0506188278103449,-0.804511854930159,0.0493747489024236,0.0415876210116486,1.93244412989051,0.0315749839281054,1.70769796557579,-0.892304542506681
-0.0142481504277117,0.050072814036079,-1.53371610701144,18.076670557672,0.0143672458131801,0.0503083040567244,-0.818855189542591,0.0461932719248831,0.0401681889008478,1.92825026287165,0.031713321939544,1.69829172195688,-0.893651872434613
-0.0153138693104117,0.0488955511156494,-1.51771642521094,17.309535721787,0.014217910317928,0.050963367465174,-0.809219565051903,0.0417032207746619,0.0452592477758992,1.93721755802432,0.0316613969060284,1.7593942997253,-0.893405242364895
-0.00592753147167597,0.0479093563714445,-1.50246246547326,18.3381001001121,0.0147882979275245,0.0504402175038285,-0.703106165531895,0.0464647065560273,0.0387569120071485,1.9141517544823,0.0320521212293764,1.73081723743478,-0.867966252601599
-0.00251361269896316,0.0505992892178816,-1.45715660210197,18.8945067185393,0.0147639690437724,0.0508102073542283,-0.518039357540626,0.038774236959998,0.0414380685888098,1.8480572665856,0.0314059239213346,1.83640304007407,-0.871536242018416
-0.0229548705095156,0.0499811687301166,-1.43741974467492,18.2439095654059,0.0150697584054974,0.0518146052907903,-0.243724816742254,0.0445748640079011,0.039438225349727,1.87086965452284,0.0310896555786755,1.86753251132571,-0.873912980141405
-0.0170400984387821,0.0493821284709852,-1.42777564152848,19.6107141482479,0.0151602426168256,0.0509730773514687,-0.299478164696414,0.035117948784804,0.0373175525380836,1.84987951205315,0.0312988796471854,1.77342214572094,-0.866451778465486
-0.0138320517049134,0.0500956866101423,-1.43684839918797,18.5811630400996,0.0151900658725905,0.0507607279772164,-0.340697313187604,0.0331583296511084,0.0356498632214566,1.84920348734491,0.0310292891724794,1.8742502937153,-0.865266322518721
-0.00188404142629457,0.046093192649322,-1.38827005825742,19.6855766401449,0.015755547792909,0.0515292486941815,-0.247521566846642,0.0380313361234291,0.0415164876218169,1.84604823316899,0.0304699344101901,1.8755062613341,-0.86254163420981
-0.0133505494762155,0.0427147599472652,-1.4447409469704,20.4384229082334,0.016176589079597,0.0524928095513026,-0.160374022548902,0.0436068831852387,0.0307420871590384,1.8955376958477,0.0304922005348694,1.84446820879337,-0.876878486570604
-0.0196478593291843,0.048726186422144,-1.49753401328191,20.4056961690201,0.0161576348434663,0.0541785550741338,0.141012541702983,0.0474391295226391,0.0418826514285512,1.88657135796146,0.0302747841033395,1.86415086327787,-0.873549506668754
-0.0111345385898446,0.0494977658677897,-1.44575421788242,20.1632362137183,0.0155783074227529,0.0543547106602767,-0.10043313416657,0.0300394163928861,0.0339895692185993,1.84566205012057,0.030190308968634,1.81179323726978,-0.8814212361171
-0.0130905126404721,0.0512288467451475,-1.44112896578092,18.5522834410984,0.0154464991075505,0.0524141544362143,0.127854612958679,0.04285851135364,0.0355037489846384,1.85490575827238,0.0304754066014353,1.82412608724798,-0.885560198710224
-0.00463940111588172,0.0505703178493415,-1.46900892860353,17.1503223968814,0.0158815502139664,0.0529941269352896,0.23477718553615,0.0491826453324087,0.040451767431471,1.86781099601969,0.030194673831945,1.85861861268286,-0.886445515846628
-0.0228924192557082,0.0499240625932157,-1.52348104787515,18.7782250241871,0.0149799454878097,0.0523790943728798,0.0343829763956043,0.0857382756298895,0.0382414113525548,1.89747104095565,0.0295691799004841,1.77016579193488,-0.914580018568905
-0.00965476744969371,0.0531286107002868,-1.51449372219481,18.6636830656331,0.0147501030921855,0.0533490773384905,0.0726358193992691,0.0764279774474723,0.0364120442575129,1.88998209475326,0.0296908078795511,1.74743544125403,-0.914467588277877
-0.0199357057301784,0.0517387777279183,-1.50023301313265,18.3861376271828,0.0145133039973074,0.0533417082188831,0.160805683188867,0.0610180391413387,0.0368038519009974,1.86900634355319,0.0292234120565265,1.61994210648899,-0.914270309600276
-0.0199357057301784,0.0517387777279183,-1.50023301313265,18.3861376271828,0.0145133039973074,0.0533417082188831,0.160805683188867,0.0610180391413387,0.0368038519009974,1.86900634355319,0.0292234120565265,1.61994210648899,-0.914270309600276
-0.0121206093043637,0.0479963373565932,-1.52343680318164,18.0874669366885,0.0140494773288984,0.0518303412758202,0.0534129902045972,0.0640392040974966,0.0388669807617255,1.85172436615972,0.0298652498964041,1.6279026017796,-0.916195156658312
-0.0108233053591177,0.050199154497229,-1.52979264442948,18.1880624140279,0.01437496857741,0.0512880447936616,0.0882251521407533,0.0463552405192841,0.0381534128735668,1.85011889164703,0.0298123560594942,1.62662968693181,-0.918091777207373
-0.0115755484902708,0.0485039592729593,-1.52154844390245,18.1720791468065,0.014371545521072,0.0522194587629318,0.159707679577246,0.0649779700715933,0.0393438383281142,1.86113578536138,0.0295818828145829,1.57127082429595,-0.903979351313127
-0.0127267163243242,0.0476251400138133,-1.55114102964057,17.9249835962667,0.0149364465578793,0.051556205923337,0.370416188565931,0.0599095050360737,0.0387200870210436,1.84036605701222,0.0296244378257798,1.60081307742281,-0.900663885245947
-0.016004439742679,0.0489445488593358,-1.54255444513437,17.925329891196,0.0149467023589472,0.0505591458716788,0.222999026693886,0.0334607906184988,0.0458582810494201,1.83685225947846,0.0298930837940044,1.56214760741656,-0.8929024398746
-0.0151413977885105,0.0495591301869928,-1.53763197625975,18.1500720238841,0.0147530917437163,0.0497878910358714,0.101495136005771,0.0358297859934285,0.045379381789904,1.84145706285824,0.0298208528761769,1.56453421804699,-0.892993455350222
-0.0153817752871965,0.0515017679433801,-1.49433952527654,17.2408242209948,0.0144572139270461,0.0494658363046033,0.201070195989488,0.032100123999289,0.039499383692621,1.92146830592744,0.0297610312832755,1.594371349592,-0.878205788137592
-0.0155109812341369,0.0530901605816194,-1.50622160506764,16.7584285940879,0.0146198574761011,0.0487209391627079,0.0358044845390525,0.0378200178020409,0.039296396800166,1.93802251413595,0.0298789543828238,1.6230132385261,-0.882472538897617
-0.0195742807074883,0.0547050760530195,-1.42683729073535,16.9116843103345,0.0144135853391964,0.0488822009570175,0.295249383139721,0.0755490744437622,0.0451298691935662,1.8696746777629,0.0301515575583214,1.61830526697617,-0.884018372090583
-0.0146818215381547,0.0571509122791466,-1.41416964296715,17.1611279854996,0.0147091009061704,0.0484197565643582,0.373512135553296,0.0790086929069304,0.034972733276829,1.88744054072545,0.0298753549394628,1.63837347160424,-0.892450050751597
-0.012805761228379,0.0594498673537468,-1.43220756991704,17.7433790703046,0.0145518029235148,0.048796522806894,0.235034346559193,0.0642976555600113,0.0328689558314781,1.84873308643251,0.02980785984803,1.64029563044501,-0.887703997754409
-0.0186506348719302,0.0577911587246448,-1.43466072083029,17.7721644485464,0.0145819926588913,0.049235532437603,0.236726310157365,0.0625516273105108,0.0367998080273462,1.85537281244683,0.029411071455817,1.71461156735221,-0.888921005278073
-0.0167281912141257,0.0552864630330462,-1.43535480055885,17.0513765527024,0.0145370501001287,0.0482609803604674,0.154476186383897,0.0495210179358174,0.0394734781350423,1.85444863343479,0.0291468503246771,1.73113287454702,-0.891321941024831
-0.00805325289531835,0.0552042959589569,-1.4631127984842,17.7269942679199,0.0146929803780115,0.048530247420066,0.326769651712253,0.0848745149231739,0.0386361848605269,1.84640997929514,0.0291911896746997,1.79056319537448,-0.885340535277558
-0.00531317949106894,0.0548867631653847,-1.4880287839314,17.8219218170652,0.0149128018950551,0.0474698742942071,0.0773870354548496,0.052599276001496,0.0476537568599138,1.89278045980355,0.0289655887930019,1.7934883162424,-0.886555520885943
-0.0142820667745418,0.0567059346812229,-1.48830679465153,17.3152289490455,0.0150999281718744,0.0477408261937668,0.142626926731243,0.0482970828956718,0.0392616279595908,1.90220846606553,0.0289568731612049,1.79473101154248,-0.889765432471573
-0.0175851066070483,0.0505758902613355,-1.47772221624065,17.5897247701592,0.0154229319674841,0.0472703516614568,0.311040967779863,0.0510262932877148,0.0335596449118768,1.8794338930369,0.0287179130818773,1.77337651598737,-0.878597416976876
-0.0131175861640682,0.055228400573502,-1.5074952381271,17.7977011170885,0.0148565420271108,0.0480651460441369,0.302706331411833,0.056830177920744,0.0408132289238261,1.83808848670201,0.0287263909277651,1.85956738807263,-0.874331417101021
-0.0109811282066814,0.0563182003632627,-1.49643776065124,17.5016839431586,0.0146828931614032,0.0475643804842982,0.441577438947201,0.0534567702486334,0.0371355839225117,1.86884621592135,0.0289822116250846,1.84094930549555,-0.883907607537057
-0.0109811282066814,0.0563182003632627,-1.49643776065124,17.5016839431586,0.0146828931614032,0.0475643804842982,0.441577438947201,0.0534567702486334,0.0371355839225117,1.86884621592135,0.0289822116250846,1.84094930549555,-0.883907607537057
-0.0164777585808536,0.0582336397409568,-1.51409436178745,17.6641615766373,0.0142965921082684,0.0468993976876521,0.542245366994444,0.0608807800845638,0.0440737651220487,1.86413466982997,0.0292180267382244,1.77827053966428,-0.885708995308199
-0.0149717283476491,0.0577276130061687,-1.5144609166733,18.607635412582,0.0143549545917563,0.046617398685815,0.531928553352286,0.0609320595411473,0.0396190715879269,1.86722364709394,0.0294576947629875,1.78417550903428,-0.887943347475842
-0.0301221257742451,0.0606386131172021,-1.54043162563948,17.8785903006299,0.0139823716839923,0.0464111524162973,0.713049739140367,0.0680598928841044,0.0349712823191701,1.87311568099472,0.0298652528905328,1.75561340387474,-0.871313020177613
-0.00930375671606784,0.0582025066761443,-1.56185209854063,18.08627189527,0.0138199633468564,0.0463042681634475,0.795607267008182,0.0629695797463262,0.0364007476773597,1.84232055625383,0.0299021408060375,1.6342690007866,-0.883177705910664
-0.0277884132226145,0.0599636579906314,-1.56085527141977,17.1007825744455,0.0137160682135312,0.0477407194159328,0.870330924426198,0.110257996316646,0.0370116495696995,1.90120583345571,0.0300729889784823,1.67304334511782,-0.872737224581186
-0.0198263077879979,0.0620585750104948,-1.55259879077536,17.3628551697145,0.0136583346168274,0.048567583296108,0.848674250018785,0.119109187758749,0.0349188876268848,1.91605274755995,0.0301950946069016,1.67857242424817,-0.873987549997438
-0.0196423655562714,0.0644327412820044,-1.5787598431888,18.172748153253,0.0144161697827835,0.0489206653311476,0.830469655764801,0.0750996742329302,0.0380284727413244,1.99353109282479,0.0304207530817972,1.64982971468101,-0.868243744763677
-0.0172481919859924,0.0640237641732016,-1.59251315505994,17.5219389797257,0.0142561872772682,0.0489862216889645,0.675905937241467,0.0809587698270399,0.0421895570214516,1.99787067853064,0.0303397211254754,1.67639505835028,-0.88052235907263
-0.0128313231112926,0.0654265767050489,-1.60832399329439,17.5562809255081,0.0146881474430071,0.0476792757422241,0.654898491507393,0.0817702823862053,0.0319123040289772,1.99734682241753,0.0303646453816243,1.64627860041606,-0.88277185692099
-0.0204709691482226,0.0606722969845322,-1.64350626240072,17.9360617841443,0.0147617043134913,0.0475714880922202,0.72378056317123,0.0783180608764066,0.038764822656043,2.02085413761859,0.0303292369789179,1.68595654151972,-0.884509947768589
-0.0264625123950449,0.060238191609703,-1.63250035027788,19.4264679417928,0.0152229170739242,0.048021573334236,0.575025340777157,0.0609715471519762,0.0347987039173311,2.00931494075847,0.0299061807059561,1.6379377169343,-0.909062780307
-0.0161096079132262,0.0623720324726257,-1.63206692955806,19.2871544914331,0.0152365954957734,0.0484701853308484,0.650114137476024,0.0457811487326421,0.0419932020267729,1.95283444604461,0.029954957182339,1.62772256094044,-0.899383583183937
-0.0117748173547512,0.0620413190892232,-1.63897811629557,19.2895224954569,0.0149146677975269,0.0488292639067682,0.634346970905588,0.065234383510738,0.0388524138464869,1.93711688826803,0.0299660399865636,1.62899368913805,-0.904075705083967
-0.0202800297934402,0.0614644558836731,-1.6383858331577,18.8461083554966,0.0145776204302587,0.0491504452377412,0.608391579244472,0.0629315444385144,0.0411395391438023,1.95236626644013,0.029983907091886,1.60608359899183,-0.901694123614172
-0.0179332270546014,0.0643770021602394,-1.64518776663883,17.2582526466434,0.0139125478027376,0.0482768362160073,0.398562393636709,0.0876538290230413,0.035509213849464,1.94636258454779,0.0297850408621189,1.55187108284834,-0.904884893470873
-0.0150767114852799,0.0641710814018765,-1.61665075090219,18.1568677541363,0.0142034526113404,0.0481237570733484,0.494011359526,0.0739463295896572,0.033588355097352,1.92491426767002,0.029592732337624,1.55590059757976,-0.914614404838705
-0.019207652948583,0.055754502602041,-1.58060406034068,17.5616882113037,0.0144567715662052,0.0472582614606684,0.700250203725579,0.0807840226518212,0.039679821077137,1.83252480601738,0.0296525368792391,1.53479528521099,-0.921776762748648
-0.0191309449058733,0.0578410400740716,-1.60724281428962,18.0642352268475,0.0145862030513178,0.0469320573108222,0.681828362730698,0.0876336742205771,0.0326701928991875,1.82025431497212,0.0296145018145019,1.58648215134379,-0.925957420516562
-0.0185989754133063,0.0592892046362472,-1.59999776178522,17.8193471725041,0.0145268532590727,0.046801703785068,0.661759005301204,0.0866190744919021,0.0398113105816585,1.8137374979386,0.0296687162509658,1.57294119370001,-0.924721084520584
-0.0185989754133063,0.0592892046362472,-1.59999776178522,17.8193471725041,0.0145268532590727,0.046801703785068,0.661759005301204,0.0866190744919021,0.0398113105816585,1.8137374979386,0.0296687162509658,1.57294119370001,-0.924721084520584
-0.0181657710010003,0.0538107205020346,-1.60938796359822,18.6844159407728,0.0141965597935305,0.0480128986794131,0.547496490127382,0.0626409080756119,0.0380290972494517,1.79326375092634,0.0294660312764505,1.57455097695593,-0.932359555720481
-0.0181657710010003,0.0538107205020346,-1.60938796359822,18.6844159407728,0.0141965597935305,0.0480128986794131,0.547496490127382,0.0626409080756119,0.0380290972494517,1.79326375092634,0.0294660312764505,1.57455097695593,-0.932359555720481
-0.0161466074827076,0.0538135566208323,-1.59778688381062,18.5558329971824,0.0141907037830891,0.0485630218388353,0.570188490756284,0.0683792935489414,0.0427752348649764,1.7928139557047,0.029521430938963,1.53014496166389,-0.931007766884687
-0.0179865349940104,0.0554207496757093,-1.57319564060792,18.6442594698464,0.0135806545131828,0.047685783340821,0.501802727674583,0.0589683492595802,0.0327118223683238,1.79747344255721,0.029422099069137,1.56014604659887,-0.931425537244181
-0.00753094375283431,0.0538625493077493,-1.57052930113603,18.5954315334844,0.0138194857345995,0.0480683051453475,0.524592946967575,0.0663067624247848,0.0383974909977016,1.74347458163172,0.0296570866813585,1.44800881760875,-0.903502174424257
-0.017776216629955,0.0534341365919052,-1.60265031972032,18.5325598933395,0.0142240136041614,0.0475134795635357,0.62824902976857,0.0577326464022701,0.0382468176333297,1.7799706526798,0.0294200770351122,1.45954864091699,-0.911013818089663
-0.0243609009982886,0.0582436878617081,-1.53025466580169,19.8195724841175,0.0144073058563338,0.0472638828126331,0.580259261877123,0.0772187053249427,0.0376067539374611,1.75217102281339,0.0296473393034614,1.41838374374173,-0.913367538509833
-0.0243609009982886,0.0582436878617081,-1.53025466580169,19.8195724841175,0.0144073058563338,0.0472638828126331,0.580259261877123,0.0772187053249427,0.0376067539374611,1.75217102281339,0.0296473393034614,1.41838374374173,-0.913367538509833
-0.0160002559271382,0.0627705738012959,-1.54770197118128,19.5974232971025,0.0139530113894417,0.0472937005713426,0.676382138079244,0.0717614030165677,0.0383273867494286,1.78660905965679,0.0295946845805428,1.45371487062695,-0.925461429957941
-0.0160002559271382,0.0627705738012959,-1.54770197118128,19.5974232971025,0.0139530113894417,0.0472937005713426,0.676382138079244,0.0717614030165677,0.0383273867494286,1.78660905965679,0.0295946845805428,1.45371487062695,-0.925461429957941
-0.0160002559271382,0.0627705738012959,-1.54770197118128,19.5974232971025,0.0139530113894417,0.0472937005713426,0.676382138079244,0.0717614030165677,0.0383273867494286,1.78660905965679,0.0295946845805428,1.45371487062695,-0.925461429957941
-0.00682800990330962,0.0622186087791702,-1.57352909834909,20.2026855526428,0.0142013563325926,0.04711580925904,0.696321721499132,0.0690099780857765,0.0355866053249717,1.7923519374004,0.0294767168134091,1.51976618128916,-0.928521166341381
-0.017775137198952,0.0562845380849829,-1.52615272659264,19.1051274982601,0.0141623151851533,0.0459428649084555,0.714797841982186,0.0868938687927426,0.0397178867552319,1.72351370776494,0.0291224803604576,1.53134352661498,-0.935888157012916
-0.0197201306851917,0.0603881485741554,-1.51661591640764,18.6260167696056,0.013696225166137,0.0461159812801491,0.588260234263009,0.0727635269354007,0.0325895282855841,1.74646707090429,0.0292253702594981,1.53513385369793,-0.937307696637438
-0.0105151128702393,0.0670284577517215,-1.51293211968902,18.0200845444538,0.0141837652995237,0.0455713394252528,0.548134110947554,0.075018665435714,0.0351678194163458,1.69847145270006,0.0292351999097768,1.51172262868777,-0.93582346645171
-0.0173186168320656,0.0645004691771938,-1.50804859993867,18.2783523408006,0.0141540911120696,0.0458347060143865,0.520287540662367,0.0744995588939531,0.0359970366001821,1.70715321071675,0.0291374775455342,1.48564365765194,-0.936459392057898
-0.0159087005538391,0.059491174770903,-1.52255559273334,18.8583916681974,0.0141913349351823,0.0469285663520373,0.314367912746364,0.0954064218377926,0.0354935434300864,1.70744634301108,0.02950486382088,1.43162990890971,-0.938320279720023
-0.0156695432822171,0.0603565838596122,-1.474714520135,17.7729473420341,0.014026028049486,0.0470698663631749,0.353919951851574,0.0830515978525323,0.0394761847561266,1.65285745753211,0.0298295603272633,1.42001499727003,-0.935368651251284
-0.021674626888448,0.0637559622131671,-1.5011477164948,17.0627861567844,0.0134889912869919,0.0476094063778426,0.232635084187488,0.0525097747057526,0.0345957313453814,1.6588354446619,0.0298726528223338,1.45236073508081,-0.940746880824244
-0.016968399104864,0.0607291646054442,-1.50624515256696,17.7283921466217,0.0135461752364659,0.0481342803338352,0.217389227898847,0.0728833006280729,0.0397857100904037,1.64672114109247,0.0302090226034563,1.41028983015422,-0.935177454874477
-0.016968399104864,0.0607291646054442,-1.50624515256696,17.7283921466217,0.0135461752364659,0.0481342803338352,0.217389227898847,0.0728833006280729,0.0397857100904037,1.64672114109247,0.0302090226034563,1.41028983015422,-0.935177454874477
-0.016968399104864,0.0607291646054442,-1.50624515256696,17.7283921466217,0.0135461752364659,0.0481342803338352,0.217389227898847,0.0728833006280729,0.0397857100904037,1.64672114109247,0.0302090226034563,1.41028983015422,-0.935177454874477
-0.0180922724583036,0.0585859697430187,-1.56295896460821,16.7900921845889,0.0133765274197483,0.04826458172477,-0.2615519588095,0.0769124057805864,0.0329093871415345,1.63136962212458,0.02989788224721,1.46673911220188,-0.936608258169201
-0.00792374222469812,0.0648140020630673,-1.55688121885402,17.2044048109176,0.0131641082846904,0.0484117498755584,-0.234032392511457,0.0795350619129362,0.040770362753393,1.65230948691433,0.0296319807602598,1.41098305557612,-0.936509893080109
-0.0242833667139215,0.070649549022569,-1.53054937780961,17.3605563432264,0.0134742925808737,0.0489739389671287,-0.401441064684607,0.0752806002625167,0.0419360620000639,1.6751832767303,0.029412964853156,1.49689994198017,-0.93565843020376
-0.0250124202038837,0.0678130913636023,-1.55625397308505,16.8912611900405,0.0138652185225888,0.0493853791153473,-0.404117045496504,0.0798477335085859,0.0376665171213917,1.64220699775934,0.0295355301956123,1.48222518167878,-0.938844579321295
-0.0149336866930291,0.0645062383137422,-1.54624305264711,18.1621234744944,0.0138992546611461,0.0493497386240416,-0.251272594630044,0.0689953777335071,0.0398055679097496,1.58409822878188,0.0297216093502936,1.43186329552982,-0.941336018877274
-0.0149336866930291,0.0645062383137422,-1.54624305264711,18.1621234744944,0.0138992546611461,0.0493497386240416,-0.251272594630044,0.0689953777335071,0.0398055679097496,1.58409822878188,0.0297216093502936,1.43186329552982,-0.941336018877274
-0.0210260285200298,0.0622911994109488,-1.5428495894707,17.7051981038807,0.0135990427373049,0.0487377631171115,-0.0677931571282275,0.0893458799328352,0.0342304883556596,1.5758389757763,0.0293555347721821,1.42231341874775,-0.942412497787092
-0.0210260285200298,0.0622911994109488,-1.5428495894707,17.7051981038807,0.0135990427373049,0.0487377631171115,-0.0677931571282275,0.0893458799328352,0.0342304883556596,1.5758389757763,0.0293555347721821,1.42231341874775,-0.942412497787092
-0.0210260285200298,0.0622911994109488,-1.5428495894707,17.7051981038807,0.0135990427373049,0.0487377631171115,-0.0677931571282275,0.0893458799328352,0.0342304883556596,1.5758389757763,0.0293555347721821,1.42231341874775,-0.942412497787092
-0.0210260285200298,0.0622911994109488,-1.5428495894707,17.7051981038807,0.0135990427373049,0.0487377631171115,-0.0677931571282275,0.0893458799328352,0.0342304883556596,1.5758389757763,0.0293555347721821,1.42231341874775,-0.942412497787092
-0.0264713517875656,0.0687820390336738,-1.52828602600076,17.5220697435272,0.0134705036303603,0.049662615082409,-0.0433302231966304,0.0774930171437775,0.0382878245554279,1.57755403306314,0.0295350741893246,1.38922745914502,-0.936829904327728
-0.0211353125526023,0.0693442106380707,-1.59035355733874,18.3415614260052,0.0134745952611779,0.0499793359735739,-0.0534579105813646,0.0916620632090722,0.0425477508265527,1.60427994327178,0.0292762549888022,1.4651296481042,-0.940176224565445
-0.0358820816612518,0.0646636732356459,-1.59018489621636,17.2760752128686,0.0133764777465343,0.0500153191916966,-0.041164147283593,0.111007424886882,0.040245498183508,1.63669550977282,0.0299577998805296,1.48055985456823,-0.936858641269079
-0.0302348436690404,0.0590051516988874,-1.56195310039093,18.0498878845608,0.0136487181007561,0.0498382828713314,-0.062754670644518,0.0939376276523512,0.0373338725821012,1.59927342359548,0.0298644396813673,1.43010279227241,-0.932959653306235
-0.0287490561191724,0.062479879955991,-1.5113845890529,17.3947107166517,0.0141600147614494,0.0514989079150746,-0.331249596456884,0.0816390443288687,0.0394871237192482,1.64501760801249,0.0299587790239267,1.42700084089204,-0.919100060642061
-0.0173245695581847,0.0621337444132271,-1.48770492576782,17.7144183878201,0.0141364409348805,0.051435588357612,-0.367115970606526,0.0766442777823716,0.0374830842597536,1.61505981111039,0.0297830415919938,1.41708344371256,-0.919453257210922
-0.0159998688105248,0.0591260127726936,-1.47767776025655,17.912397855739,0.0137634676665694,0.0514651198650386,-0.378645390492267,0.0781793288046656,0.0413963795286017,1.60746343298775,0.0296269426739722,1.40804634257909,-0.922365437636042
-0.0234240976910976,0.058925803521266,-1.48961261518121,18.1631805488629,0.0137087286682233,0.0519027546812852,-0.22294726096764,0.0883054579826503,0.0356616929938603,1.62130114311571,0.0296964323038658,1.39331847252226,-0.921059149019435
-0.0146352361893309,0.0546155383920931,-1.46690433441283,17.1954072271132,0.0139863124897499,0.0515221770191493,-0.152326269252495,0.0933714962554446,0.0381758128356141,1.60099474791775,0.0294492687814838,1.37073821424011,-0.916574895356951
-0.0146352361893309,0.0546155383920931,-1.46690433441283,17.1954072271132,0.0139863124897499,0.0515221770191493,-0.152326269252495,0.0933714962554446,0.0381758128356141,1.60099474791775,0.0294492687814838,1.37073821424011,-0.916574895356951
-0.0173306852597799,0.054153153821545,-1.4577388367196,17.884846348282,0.0134940799755791,0.0522317351461329,-0.159743184286536,0.0665999238458658,0.0334870666932761,1.59629389230675,0.0298045547251489,1.33413154262874,-0.925920492059587
-0.0169554322925494,0.0523377190921232,-1.45627420499402,17.3501092162016,0.0139718258112837,0.0524346583639568,-0.226914717666817,0.0839525031728955,0.0368047562443034,1.58840566155558,0.0299618904508457,1.36162755296276,-0.924818581647534
-0.0180052679820717,0.0513970959841668,-1.47868242615859,17.204111112577,0.014398729638784,0.0522401662412049,-0.350574032269002,0.099618184146615,0.0395693349630252,1.59949203735921,0.0298000791860246,1.3535452772083,-0.919260553694961
-0.0175206285652592,0.0488296468533467,-1.48294103947224,17.141311426954,0.0138073862973423,0.051830138397457,-0.256432010916909,0.0941204101524588,0.0360610818032032,1.59631145716641,0.0296928817536969,1.33276979733147,-0.921702647362928
-0.0145646810072081,0.0488005209603904,-1.53215630137677,18.3874171297038,0.014277133780171,0.0511450740229749,-0.0104293388633506,0.118219547620056,0.0288974744856967,1.59355404952484,0.0300821682260254,1.33795715467387,-0.928443311973102
-0.0180209414561331,0.0496726006662606,-1.54047576087413,19.1474028108161,0.0148896640784861,0.0508529196866106,0.15790412235742,0.127696910106723,0.0327063144813515,1.62467004604055,0.0301841685710829,1.33355744494671,-0.928903780509114
-0.00472333857305179,0.0503048366059423,-1.54109162658833,19.6140328677799,0.014593695932923,0.0511359899377812,0.258706162876276,0.133682566255517,0.038629530352048,1.54855442752687,0.0299720499683165,1.29923364914333,-0.925874928879602
-0.00842096767318536,0.0495915922035051,-1.52965786204579,19.5464998674685,0.0146103900272604,0.0506928884061902,0.338284764680642,0.100035849185353,0.0325124219425556,1.51329813325361,0.0296435057736566,1.31301276209376,-0.924539385262602
-0.00793736802680856,0.0488406023024839,-1.52636023688861,18.274286352288,0.0148917509672749,0.049576675339089,0.382913722607753,0.0957839890229814,0.0365453313917914,1.49706883163002,0.0296761548115299,1.31491548537495,-0.923320796483259
-0.0114785571454304,0.0510996924111267,-1.54091226371661,19.7108693228564,0.0147890470803647,0.0488320568970088,0.371034020219541,0.10745949724626,0.0412616961957399,1.51278017669922,0.0295315541743812,1.33788076894519,-0.918258813413889
-0.012145609521693,0.0482455393635733,-1.56107866661884,19.3462719447133,0.0147308909332169,0.0497606669908602,0.472717163922308,0.0840198080007624,0.0328487222051082,1.46212282522427,0.0294479344224045,1.28016869194016,-0.932500605968016
-0.0115120465668646,0.0516288776620232,-1.54368626917139,18.8202519039574,0.0145601131987536,0.0492746710540885,0.552049756479632,0.123593425216288,0.0364967126307396,1.48218967959136,0.0293774456117801,1.27402366986168,-0.934686479112044
-0.0115028711667875,0.0503891102221772,-1.55355619168021,19.7014115915668,0.0147235070074951,0.0490468464495752,0.510342874013592,0.0835774635029441,0.0382680757761382,1.46648005835856,0.0295321765393829,1.3149592220057,-0.933990216275828
-0.0115028711667875,0.0503891102221772,-1.55355619168021,19.7014115915668,0.0147235070074951,0.0490468464495752,0.510342874013592,0.0835774635029441,0.0382680757761382,1.46648005835856,0.0295321765393829,1.3149592220057,-0.933990216275828
-0.00811887128761345,0.0520917879393626,-1.54786316110192,18.5065646217465,0.014627205868038,0.0494059947486639,0.476617391253833,0.0788752462951026,0.0363753362744804,1.46657125443412,0.0294859308615546,1.34016886496152,-0.934438114340156
-0.00638379169514004,0.051713162045616,-1.53533521505892,18.8029119221056,0.0145134261222353,0.0491550905637546,0.417964225603641,0.0743112348239697,0.0389175187434817,1.46743728607035,0.0296687471398541,1.35190148040584,-0.932371232846034
-0.0147058638744022,0.0529274871106991,-1.54941282041936,17.6498503734757,0.0152057164727485,0.0487143200158735,0.377053551903883,0.0841726035966018,0.0391872705657641,1.46685551267354,0.0296107137844995,1.32455183077643,-0.934247405331749
-0.0131713698662832,0.0527102891850862,-1.53165203973384,17.7603049341103,0.0148966973641921,0.0484536615218549,0.393336602519677,0.0962828475249193,0.0400293853502658,1.46603116914705,0.0297581330561314,1.34567768240378,-0.936567608979145
-0.0118043146918336,0.0519016035572945,-1.54485927391576,17.8036736371956,0.0149451598650558,0.0485678096787571,0.575004506106598,0.126449458630739,0.0409154336755512,1.50693566020619,0.0300885456384084,1.3682730305199,-0.928147543168085
-0.0172992698693879,0.0516144925054528,-1.55438479848439,16.4272016183331,0.0147778992218274,0.0487047070759901,0.579935772905743,0.146007449975086,0.0346495575444872,1.54574328770735,0.0302104877975418,1.31574766919319,-0.929805826592905
-0.0125463963908706,0.0487163320368349,-1.52659806963532,17.4200063205294,0.0148132700233095,0.0468841774400933,0.183911133476219,0.103852471838297,0.0334415053988797,1.5474890564362,0.0298365392513943,1.24587514186438,-0.929937361513284
-0.0208505133579796,0.049078064274668,-1.51601544937242,17.480358973112,0.0150387310768476,0.0461811028895166,0.275960157187179,0.0965811829392766,0.0337865549081299,1.57662975015025,0.0300069307582289,1.23722576769642,-0.927473626817818
-0.0136349104724282,0.051991836274083,-1.52616466937362,16.4762119735858,0.0152560013458707,0.045927140182319,0.108931313200271,0.0924855532494827,0.0367729145459059,1.58838877127042,0.0299571552923661,1.24857852136123,-0.927194413596575
-0.0202151093202331,0.05398424069935,-1.49369909218707,16.9926428715011,0.0157734447755631,0.0456169451576051,0.224686183156651,0.0836932653798881,0.034373880301592,1.56299456803441,0.0300906320187484,1.26780595129518,-0.935081175351492
-0.0248918677015463,0.0533142030334312,-1.50661399057766,16.8829783437259,0.0153569925040993,0.0452923118653526,0.308491528045377,0.086806584805041,0.0329424723687072,1.54758473983755,0.0300166567594646,1.30068983327806,-0.936421483954754
-0.0217822688195333,0.0512181384544059,-1.5145241153645,17.1243260832709,0.0152691935116951,0.0446494601474394,0.249302345295531,0.075980543753834,0.031486357365432,1.51246096678309,0.0298841235861352,1.3107654425454,-0.938541257632303
-0.0118771726323679,0.0501404875939947,-1.50311002877157,18.3639217419133,0.0154104104316868,0.0453800004097251,0.184182770801433,0.0693891171657798,0.0425774019574821,1.47818411693475,0.0297973765392292,1.35471106448469,-0.939424985415255
-0.0133815520765274,0.0486143657974672,-1.50754676822209,18.5228666361558,0.0150608094086404,0.0457999697816929,0.105410043571099,0.0765241704720111,0.0341619525440002,1.48180051445396,0.0296661848585879,1.32863056819664,-0.943414399168769
-0.011064345554152,0.046318931096279,-1.52760254845627,17.9537946451399,0.0150827643588312,0.0459790546800399,0.231010837156936,0.0957748429497185,0.0355234566264113,1.47681559692234,0.0295986643278202,1.26622483188004,-0.942837103010528
-0.0105347735874699,0.0456179565151215,-1.54181069708425,17.8571526786676,0.0146485974658524,0.0454607502062065,0.251345436919536,0.0861838059106462,0.0376794553492674,1.48941508744322,0.0294486754348409,1.26404480185697,-0.943856415015021
-0.0185373063239233,0.0475342628563306,-1.52885139881964,17.7508141515963,0.0149370299541804,0.0456149603520845,-0.01555603967253,0.0899219830407531,0.0393351830543482,1.46314696600723,0.0295468864033046,1.32185889047338,-0.944503399129105
-0.00953667571674468,0.0483427892856291,-1.52377960358484,17.9125245060581,0.0151741730196867,0.0458068778278863,-0.221319682094337,0.0837401828200571,0.0430370980777651,1.47100010311067,0.0292692785814536,1.28096768436331,-0.94352908792974
-0.0162123932215022,0.0514312355174798,-1.51192953137322,16.6911913821943,0.0152792085072358,0.0460898105610472,-0.134922054068082,0.102949520505211,0.0331456895047321,1.49552298440954,0.0289856591316029,1.2918097804641,-0.935292423813393
-0.0158311949035699,0.0481345047461462,-1.48189906558551,17.1324798650881,0.0156183402449747,0.0461551097756568,-0.26601105212451,0.0920765440401907,0.0310323241404656,1.50636481550664,0.0291382030154905,1.27771985844923,-0.937052597111973
-0.0246698002702466,0.0473266444486062,-1.52621595643863,17.8221076500047,0.0160891361878025,0.0457354158889521,-0.440647212115407,0.0975598329416351,0.0295810560470581,1.50202651654897,0.0291243513974497,1.30841612100691,-0.928087920277888
-0.016894936568118,0.0490197593155761,-1.50246445028041,17.6921815457709,0.0162334838783351,0.0451600965447592,-0.52129339688365,0.125248215848509,0.0395812785137,1.51114009744296,0.028789896091125,1.31468907866548,-0.923703675214518
-0.00777243031396378,0.0441105565410573,-1.51385538153391,16.2864352642711,0.0167865879020444,0.0441664222277235,-0.187331511632096,0.128414144138432,0.0376894798015619,1.52800689366581,0.0285681167092947,1.28474082901927,-0.93216312946644
-0.0173832678627364,0.0459191486475194,-1.48556686066253,17.7405208616509,0.0167814109699158,0.0444312946447435,-0.0713225274607177,0.126505258812789,0.0311046658786284,1.51633739166956,0.0284582098715132,1.25205650257624,-0.93374190713206
-0.0126562137296697,0.0489117727777815,-1.46999551855197,17.6817902859003,0.0162329175870589,0.0441354374612966,-0.0966183345211546,0.144495002707998,0.0288353763943017,1.51150168693362,0.0283479251250858,1.27714866844102,-0.930604611307277
-0.0150234293971872,0.0463995813925978,-1.46792443193271,18.2912327456222,0.0165582823432103,0.0447248172769273,-0.157618073644974,0.116104233663297,0.0343060453497592,1.48139325176569,0.0281547416884094,1.27657986076108,-0.934397280778957
-0.000828865451886831,0.0469825824911248,-1.46472246234155,17.743639988189,0.016904370402297,0.0443428668173548,-0.300639091203251,0.107379660726002,0.0358131217291114,1.48823196115778,0.0281006920377383,1.28710853608965,-0.920803034467986
-0.00242936913469336,0.0458357367395168,-1.47823721509145,18.22762093276,0.0169379860251352,0.0442921721833746,-0.311270763407067,0.103867561970962,0.0386039281438794,1.49186823118427,0.0279157873272145,1.28825660741069,-0.927951921979443
-0.00148557655260852,0.0455682117021282,-1.43905996270482,18.5949618382024,0.0166881773426652,0.0440893212038738,-0.448161904871486,0.108503693075598,0.036917940949865,1.47762736235561,0.0280076740831158,1.32669646102073,-0.924770560960902
-0.0188776334487114,0.0463594122895049,-1.42075457456202,19.6510607540173,0.0161582455621224,0.0440003364479228,-0.567802905725548,0.141479591350031,0.0355691182567402,1.4866798733261,0.0277652969406765,1.2979955911072,-0.926021413668266
-0.0232044594840324,0.0435708883513549,-1.43809080759747,18.8037079072769,0.0171549282988058,0.0428844994162949,-0.511014679852316,0.120600446466148,0.0373664369982863,1.52344095221648,0.0278875348769346,1.35955748761291,-0.927275706664969
-0.0184907402612211,0.0412467506521966,-1.42368774686023,19.032498735908,0.017418000813816,0.0418808943477648,-0.439095875026669,0.114410137027691,0.0366818475097621,1.49042524939383,0.0272148698513603,1.34483197680873,-0.927757509659652
-0.0139190728050065,0.0472327984743228,-1.42382740822897,17.4587409719498,0.0177170350763116,0.0415052128898676,-0.39776212932698,0.122677175029441,0.0314310849476008,1.50297462279413,0.0268979091738173,1.28545506907558,-0.934319636053722
-0.018404479766429,0.0471978579817155,-1.47618677560487,17.4771590717112,0.0168816937911018,0.041358230378435,-0.264630778974126,0.0892809036317898,0.038352301367172,1.4774266456368,0.027134674983666,1.25973896934047,-0.937952194006101
-0.000581157169344763,0.0440161575873144,-1.5027250354901,19.0473089146487,0.0171358056061442,0.0429610157052603,-0.281465082184089,0.0990702996068694,0.0393770813090194,1.44663995827858,0.0272137888925905,1.23790250159331,-0.942974044564063
-0.006929228241507,0.0433532785991942,-1.51559247491291,18.8176219558029,0.0169649561395444,0.043074691931178,-0.271550317181283,0.101029953532509,0.0404003444536509,1.43462756709948,0.0274761878785523,1.18783346555618,-0.942653672811624
-0.00497131092998565,0.0422027888594611,-1.49022654924524,18.182628172457,0.0173738262070683,0.0430019171661357,-0.036912932424496,0.12268829677061,0.0302159079599539,1.42951605002722,0.0274961924102607,1.19654684952076,-0.93586924746879
-0.0130687766281722,0.0463593105139722,-1.48382263423038,18.3183971461354,0.0174892302362421,0.0434785635064913,-0.151751038686653,0.126548272774662,0.0314950058407256,1.4260169936971,0.0276566692814157,1.20215682473378,-0.935817679536278
-0.0152483119464751,0.042196589113399,-1.49835641404827,18.4426586426231,0.0172804363428296,0.0423989252260816,0.0315878634577038,0.10332316726546,0.0371567594125954,1.47881242923152,0.0271696231080643,1.15221026622021,-0.936920252328785
-0.0205798749047683,0.0405083015191378,-1.48837171361981,17.777048605275,0.0171023108810726,0.0418654173974686,0.103066720682595,0.0953240479666234,0.0348449267746926,1.49914269284999,0.0269878710509139,1.13303967911142,-0.935252619330241
0.00104523499277815,0.0410657945955809,-1.49771531887683,18.5434302766414,0.0169786440476542,0.042219559749135,0.273095706387136,0.120391521040213,0.0361703660426674,1.54424161440296,0.0267393303809435,1.14718091822587,-0.929376421290918
-0.0097356768477499,0.0389447830551269,-1.5611932047318,18.9577034214203,0.0164923917314721,0.0428324090377197,0.432514181364611,0.0712275273474248,0.037723295973481,1.49654965482935,0.0263954761487927,1.16016584752013,-0.926331941778443
-0.000405921083495772,0.03915700291356,-1.5583467700272,18.7319787329436,0.0164216246397279,0.0431905038171982,0.498931798806682,0.0782946843293918,0.0364536483821291,1.47241895688197,0.0264479485705081,1.13404284211028,-0.926986682111177
-0.00509269083551728,0.0370895939339727,-1.55853725664657,17.6666323317979,0.0163613834446255,0.0430474657459424,0.444624366084641,0.0832531564079114,0.039379043658192,1.48091275666487,0.0264686622531532,1.11924029921769,-0.930817347178716
-0.0135785530559234,0.0339294305132724,-1.57355866198258,17.0385965376577,0.0167160205992767,0.0434521765875142,0.234535525383312,0.109658852820374,0.0319095844194558,1.47578048470745,0.0261777039822521,1.14390135053545,-0.93094553364244
-0.00315379391290316,0.0346548782565112,-1.55722073916318,16.6278794960846,0.0168605653061623,0.0433171901979699,0.0321183406201259,0.095573836577451,0.0369302311627899,1.45760865620307,0.0264365087184643,1.1309901841318,-0.929911715832013
-0.00561442797480629,0.03889648300075,-1.56099981635243,17.9650413481525,0.0173250881595725,0.0442823662837763,0.227732673666061,0.15155985029905,0.03421662894717,1.48955498623782,0.0261113189606043,1.09084461485292,-0.934830154677223
-0.0136278477813641,0.0397646259974762,-1.5736375346001,18.1824899214493,0.0177121983795978,0.0441263298006122,0.305978432868302,0.134378477462753,0.0292564643526326,1.4687926389841,0.0261125825707295,1.10606713367315,-0.93739363211655
-0.0172663064285695,0.0400342983895583,-1.51111206958972,18.0164279377399,0.0178355326912363,0.0444961494870657,0.52395798590318,0.0946582154054333,0.0351074498716437,1.46952766160837,0.0263243626776214,1.15968586041109,-0.934654325710332
-0.0138195541248163,0.0398978950086661,-1.52949526032344,17.6534433568491,0.0176770559384861,0.0447238222056501,0.567694066582222,0.0976884328126103,0.0286109432848334,1.48042141954626,0.0263443632087864,1.189531764522,-0.93783339307363
0.00297732045959707,0.0442156558433737,-1.53482937168231,17.911319930527,0.018357917168285,0.0446725012707146,0.615097870046341,0.0971136895163257,0.0356164962036774,1.46411186331145,0.0261989501882507,1.18360764582009,-0.94070742181567
-0.0217278210042093,0.0443139904099326,-1.53169818437195,17.8448648635456,0.018390152016135,0.0428991013960288,0.679274280082246,0.141409660498524,0.0323355240142412,1.39861173541634,0.0258494084808961,1.24606007390807,-0.952958789694838
-0.0199657365550689,0.0444559700027051,-1.50581284396882,17.7944095141499,0.0180239637362136,0.042943419851819,0.75856390816445,0.175318293684947,0.0338719674672471,1.37347242802271,0.0256354635265642,1.19495938076527,-0.947879987516491
-0.00390154442858657,0.0444261500593083,-1.49831252415071,17.7384931653444,0.0185951078577278,0.042940724026719,0.784672042793268,0.165734204153761,0.0341233477817968,1.37999617230447,0.0255005501038107,1.1894760319857,-0.946612703196977
-0.0193703004062292,0.0417414982426728,-1.56392324386003,17.0518005145235,0.0182611219401401,0.0435185985413411,0.608750200938378,0.212436102889659,0.0342108252158506,1.39127881507683,0.025289033067846,1.1596518481539,-0.953296571415331
-0.0104430291863936,0.0425482203675253,-1.5628050514136,17.3726691859878,0.0177705118250022,0.044824036561313,0.616680188623146,0.17901459462799,0.0333226451496019,1.38564991900991,0.0252712111069235,1.14823276651085,-0.95009921596009
-0.0231814894113925,0.0445329762668045,-1.59287355686425,18.05380316009,0.0175818118471279,0.0443919054679127,0.590973408584779,0.173467653477999,0.0290161536905749,1.34767771328844,0.0250386972710583,1.15049846969077,-0.953048373918334
0.00100003201058548,0.0444185095569229,-1.61643516273011,18.3498805364374,0.0178251074643209,0.0446424338137638,0.595098691301656,0.127891171900124,0.0328370238292002,1.3537321060583,0.0250498287919497,1.18284865614101,-0.952395844560189
-0.0149145958914932,0.0419169243859033,-1.63809425729207,20.6339265128077,0.016998623439467,0.0443136558026946,0.510814261073143,0.138121300086183,0.0327966069563346,1.3995255430034,0.0246435505486742,1.20017609929915,-0.955612940362958
-0.0158828026449958,0.0408237064459031,-1.65681541717936,19.4107936184239,0.0167129593198941,0.0438552418081966,0.550956049437544,0.143539548378307,0.0356417007990379,1.45699690270413,0.0246319428533432,1.25172736129045,-0.955934341697576
-0.0192418016473777,0.0454766431743767,-1.63748476537009,19.752190950563,0.0167493853697174,0.0440005877426286,0.518569273872065,0.112639864510755,0.0322291659665642,1.47032126201881,0.0246472403447636,1.21365188533687,-0.954902242557084
-0.0144048461331479,0.0393105437320089,-1.64824459748916,21.9122758956411,0.0165455425064892,0.0440972378047932,0.460552620173466,0.0946680577012387,0.0357913882227593,1.51304254286606,0.0251405861971435,1.21669879931567,-0.962488884230788
-0.012294632826128,0.0349905645106535,-1.62721515568471,18.4039848982223,0.0158281862322419,0.0433468876321987,0.574936394188435,0.135635202388636,0.0283464644659298,1.51464671726025,0.0254104644932753,1.21641367082043,-0.960317130110683
0.000221622439555062,0.0366533010619808,-1.61110342638531,17.9881603519691,0.0154716679960769,0.0430604044797752,0.397952386509699,0.131934228705037,0.0332739247529352,1.55345893367005,0.0251723526760558,1.20424332391309,-0.960655709735292
-0.00634572513964947,0.0350988359469074,-1.57835132103364,18.5810702231848,0.0158289587313348,0.0424510319080881,0.521394697408876,0.129181465131896,0.0331914633158975,1.53056654410938,0.0248078929337388,1.23887498281965,-0.955157227837933
-0.00422474148274628,0.0344559244506594,-1.50326042550928,18.6339279143145,0.0153138121419234,0.0416631598774595,0.45354543767513,0.144220854992173,0.0306526879478308,1.52339410138084,0.0245988800854176,1.31869606295071,-0.954773764218753
-0.00723630219702414,0.0335827043167699,-1.51252448726262,17.9913726053878,0.0157652096919827,0.0420697137320604,0.403295570393876,0.148764748513026,0.0301132425974606,1.5408493353424,0.0244842762106172,1.31329380337944,-0.953941470652434
-0.00723630219702414,0.0335827043167699,-1.51252448726262,17.9913726053878,0.0157652096919827,0.0420697137320604,0.403295570393876,0.148764748513026,0.0301132425974606,1.5408493353424,0.0244842762106172,1.31329380337944,-0.953941470652434
-0.00579288934011447,0.034025404782726,-1.54524376093686,17.9841498875935,0.015506226379753,0.0421770737946787,0.387031779568574,0.138717091517327,0.0359556383072155,1.54706230169076,0.0246660364143247,1.32655992090154,-0.949523060146679
-0.00982851459615726,0.0335260043624919,-1.56085895862102,17.878956722499,0.0156263820975439,0.0422290985091707,0.37198518389099,0.129084899326208,0.0346692802142685,1.52574196783419,0.0245169356580244,1.32632156553494,-0.948772325261228
-0.00982851459615726,0.0335260043624919,-1.56085895862102,17.878956722499,0.0156263820975439,0.0422290985091707,0.37198518389099,0.129084899326208,0.0346692802142685,1.52574196783419,0.0245169356580244,1.32632156553494,-0.948772325261228
-0.0227217657048079,0.0341123061744265,-1.54602110028001,18.0034241846664,0.0152853688638417,0.0422399961928396,0.394436153840743,0.146140430588603,0.0305386252012355,1.52328560690536,0.0243513732707489,1.2969529451951,-0.949082630118708
-0.00493955299521846,0.0369176574273316,-1.55609617751592,18.5130569972072,0.0152137553594644,0.0423728424161694,0.615113273933922,0.135343472055959,0.0339762660321839,1.52289397642337,0.0243408100952902,1.27344628487982,-0.953165332327352
-0.00518241635369877,0.0363429610435174,-1.5400297058798,20.3401826393294,0.0151097564030774,0.0427251502503962,0.632879188801068,0.142814807825688,0.0303738748151394,1.49373469923118,0.0244505394106149,1.20168968499918,-0.953720970813886
-0.00537088525781504,0.0340654822617441,-1.5213788591176,17.9920478167838,0.0149707406947155,0.0433414676053828,0.6006267132312,0.187036950943512,0.032814652570445,1.5225524366367,0.0243098667794865,1.17547007690918,-0.955482038558188
-0.0117909893233383,0.0369482666148152,-1.54195671077281,17.841691511157,0.0148572159059803,0.0437854107165983,0.569372277301472,0.154055074027582,0.0336755990129262,1.46279511602247,0.0244170246430559,1.21958536680046,-0.949501120703121
-0.0124726710872463,0.0409913549056228,-1.51074706568505,17.0421412336661,0.0150667269229782,0.0442104122058402,0.47188091208202,0.110943417238413,0.0308610135672397,1.45269823430563,0.024264352819679,1.28349671599833,-0.94701563150042
-0.00996412622607341,0.0436794285023487,-1.47596038019116,18.2566167875725,0.0146716494996818,0.0438924653202518,0.550944193831338,0.155842151142333,0.0295120434729542,1.44915925646034,0.0243642850142927,1.28858344746519,-0.946918731024562
-0.0156875075695335,0.0452136896803786,-1.50468397725815,18.1179299585903,0.0139016373461857,0.0431860705323361,0.449879041458914,0.16713954998798,0.0358084831225778,1.44547736805716,0.0242805526429551,1.27066447228348,-0.943137154140772
-0.013233972553091,0.0428694271657905,-1.5075533719994,17.343913745891,0.0139889037154744,0.0434949684163579,0.404798331955477,0.236475718049444,0.0324604636297799,1.44863983350631,0.024318306651618,1.29720093244649,-0.944494647819585
-0.0110187476484509,0.0387401158256277,-1.52788594300211,17.2897181669038,0.0138678281879994,0.0429655704096663,0.626602572232889,0.205362791196969,0.0332965208203604,1.46122784676366,0.0242326398868356,1.25775371501383,-0.949820297402238
-0.00840399358690828,0.0359489959019026,-1.4863803100576,17.6611695041761,0.0145058173510724,0.0425505206067616,0.731137445391375,0.175437107950995,0.0320425717306208,1.45259270959845,0.0238248881437731,1.30010532409366,-0.953490296685086
-0.0164427675674159,0.0337456834428209,-1.52077697780301,18.0885180295838,0.0147101411074967,0.0425108352379083,0.696221276987072,0.185092510901374,0.0279539139610853,1.42935771632456,0.0237936988819063,1.2876695472597,-0.957571142939569
-0.0057371690164054,0.0343383315837169,-1.5160531455568,17.2472893913676,0.0146970143783788,0.0428314285425742,0.676433584606763,0.164416234343471,0.0271199736570645,1.43051693607593,0.023775356364363,1.30487208705068,-0.955988618142676
-0.0129746706550692,0.034257882941331,-1.48679329203511,17.882078459623,0.0139227225569422,0.0423738749444123,0.785109766199508,0.131906814904864,0.0277953636078563,1.40202231926196,0.0236879107807868,1.35148326501317,-0.948598742289558
-0.00479696199779811,0.0338830051494553,-1.50721860741972,18.4544927266539,0.0138633106159077,0.0424388052165172,0.737084784715181,0.123225336168242,0.031377000417452,1.40670882613604,0.023491326268811,1.33840862183867,-0.948913263636937
-0.0124754638435656,0.0336406110861914,-1.50959025921204,18.2527407698886,0.01397744681994,0.0418066760800755,0.720404909574175,0.132692353667441,0.0360506177131299,1.43364681380793,0.0236796625698728,1.29318750496715,-0.943024006687615
-0.000910654026986415,0.0345919735520078,-1.53602865047274,17.817131955643,0.0139004640963942,0.0424946123460265,0.677156213911439,0.145708635933766,0.0301816252200561,1.4147861430403,0.0236242968054808,1.30582694325992,-0.94574658062098
-0.0128963625429695,0.0347299917140855,-1.54981652511422,17.1484016957398,0.0141347155956424,0.0421461495730755,0.634427945071898,0.205573980130431,0.0325703461192857,1.40737035810708,0.0238752327515727,1.28206554249401,-0.945285713008016
-0.0142243297929516,0.0337331661726872,-1.56355961169113,17.4514221812141,0.0145918731949063,0.042421919759323,0.617390532117705,0.18509825097232,0.0288328884545513,1.39176293096274,0.0235792348290506,1.26328171644506,-0.940049434205705
-0.00393142350165797,0.0353167477954263,-1.53907355727391,17.3626643344436,0.014784776247767,0.0431041237797389,0.612132300739206,0.183354131828517,0.0286052861330621,1.38266817163281,0.0236193248190626,1.27580980788015,-0.941013244668189
-0.0168518426217593,0.0400685019579647,-1.54240268413929,17.8543949988958,0.0141706824526521,0.0420654686497337,0.434606347415839,0.140767535717794,0.0309812179570451,1.3729803584149,0.0234726308327962,1.23126840661074,-0.940283999800118
-0.0212613569205467,0.0429944118092107,-1.55278969451137,15.9988550480475,0.0142581413229085,0.0413199802201589,0.711679431013832,0.14256125636699,0.0296996046724268,1.42564211101256,0.0234852439701576,1.25654971042412,-0.934653635754885
-0.00499381551441174,0.0397225704516498,-1.52042878195133,16.2987834643947,0.0147103325509935,0.0413369639919967,0.741548950761911,0.176066250062232,0.0288823898806722,1.43704990861001,0.0237394156719741,1.25301768584878,-0.921840776687755
-0.0134361065368352,0.0380605807430785,-1.49703783987366,18.0741221290947,0.0150565783692335,0.0425591460350163,0.716443789044939,0.264092204631377,0.0285109663044653,1.50635127859868,0.0236575162755922,1.18761997392535,-0.931240721461417
-0.0089621309246623,0.0380755373870277,-1.50374100571177,18.5348520663589,0.0152372645604898,0.0427699200132722,0.649731637671059,0.282148851322483,0.0271053075063972,1.47860393702522,0.0235350803461157,1.176907469043,-0.935557472328727
-0.0103422916772229,0.0353983886562266,-1.52811214365919,18.5774456331226,0.0154427895116421,0.0432204083589046,0.58730313979986,0.308186178677111,0.026923815101833,1.46808232351818,0.0240986029199072,1.15921394414253,-0.934735991657293
-0.0036201697489158,0.0358944567379547,-1.512296899223,18.8044600935163,0.0153250409982384,0.0433935482827768,0.582506188804858,0.276875668051836,0.0254969843686555,1.45664879400997,0.0239000656390671,1.15766664640396,-0.93198792887283
-0.0153672404821143,0.0371959053632824,-1.516077961456,18.6988418691304,0.0148996126914448,0.0440081774873236,0.557871866837073,0.229381676909326,0.0305815711408316,1.45330497170552,0.0238954209422492,1.17549801747193,-0.934252763846882
-0.0153672404821143,0.0371959053632824,-1.516077961456,18.6988418691304,0.0148996126914448,0.0440081774873236,0.557871866837073,0.229381676909326,0.0305815711408316,1.45330497170552,0.0238954209422492,1.17549801747193,-0.934252763846882
-0.00643180811584838,0.0396557611466141,-1.49575375844848,18.7335864907354,0.0143894301817353,0.0430333805662652,0.583070655444142,0.245048407522377,0.0290864462715266,1.40104722011104,0.0237114685413099,1.21621990744281,-0.932204913540912
-0.00415739518615769,0.0403789512331184,-1.49803555359496,17.5268888486386,0.0141105325881813,0.0434839929906909,0.530044657437613,0.203323872136584,0.0320601611596593,1.49660715195362,0.0237795071740764,1.1676135033191,-0.926567385490341
-0.00409107891906868,0.0404272110642411,-1.47948128077492,16.7684888153199,0.0144253948163956,0.0438832008275461,0.57274449285998,0.198981877594363,0.0270667825998404,1.5622549065811,0.0238215955867666,1.16941702562654,-0.919563436460087
-0.00409107891906868,0.0404272110642411,-1.47948128077492,16.7684888153199,0.0144253948163956,0.0438832008275461,0.57274449285998,0.198981877594363,0.0270667825998404,1.5622549065811,0.0238215955867666,1.16941702562654,-0.919563436460087
-0.0114224127328636,0.0408726324751158,-1.4984711730639,15.7838698552131,0.0143761633670237,0.0450026846255822,0.53436440505424,0.169964515795028,0.0304069841247832,1.56180928252767,0.0239434498790977,1.20258751899769,-0.918199828248384
-0.00742702401574758,0.0409997503798225,-1.51304718071068,16.6652257824082,0.0143603259264839,0.045660987056901,0.622547094250613,0.166349611799627,0.0285899035409651,1.5997957808202,0.0240250687031077,1.16763745714633,-0.920077997261135
-0.0163416362657445,0.0417204348771246,-1.50965590411329,16.7398442723672,0.0139404217852869,0.0461882632886371,0.653969707255538,0.144635387821203,0.0310385966785508,1.59258104967834,0.0240234844923987,1.19463015762671,-0.920666363143504
-0.0135691812838319,0.0393671560623669,-1.50757295951416,16.7298813195223,0.0138418665202275,0.0461131456683309,0.693939286036696,0.140817007216264,0.030347238545276,1.5993503026563,0.0241549387616939,1.20374690233438,-0.917435223913831
-0.00818630171667105,0.0413803611436561,-1.5052960661499,16.918574121397,0.0141487004694234,0.0465859205631097,0.704029351537643,0.177547235789979,0.0317432225307601,1.59223070261706,0.0239102778596091,1.2346227904824,-0.913694497832644
-0.0205829129879928,0.0426074437563976,-1.49594279726453,17.8361601308506,0.0140920399946066,0.0458765910311911,0.68841759910571,0.211125899500116,0.027513816551804,1.59736095470301,0.0239356505514872,1.22122454307363,-0.913226657445316
-0.0192347856064621,0.0462739577786333,-1.45373235774801,18.8477987878896,0.0142629951992182,0.045471325580162,0.632539912185049,0.196419131134077,0.0292688864472755,1.60157301857862,0.0236376880925827,1.16524866077358,-0.909587662538695
-0.0132516987061884,0.0463382539322377,-1.4688612903458,18.6592138674567,0.0139766020907646,0.0448039638724943,0.671023313484054,0.201216067994881,0.0265269666992325,1.59950582898245,0.0236613327233311,1.15771036329771,-0.907150006703065
-0.0111686115071979,0.0431421639764424,-1.46652062571834,17.7926065993662,0.014007194612602,0.0449422439529579,0.604643427427739,0.193270833830388,0.0248221154753637,1.61004924693804,0.0232042790182603,1.16072733242927,-0.903316761800489
-0.011813805997966,0.0425637961774491,-1.46485889033408,18.2565666576437,0.0137763322220928,0.0449791707294029,0.603912011155307,0.195872124774677,0.0274381251396785,1.59487474903889,0.0232352941553208,1.16234293244606,-0.902559188610574
0.000808673121163714,0.0446197571453352,-1.40384982900732,15.5322462875831,0.013811026671995,0.0444057130199915,0.449881005473136,0.139638761197281,0.0299863038445891,1.59017326476036,0.0230628661966457,1.14669777725311,-0.919495587487919
-0.0056319603515398,0.0471177147871503,-1.37993748631245,16.8635905281908,0.0139445668145769,0.0440658520965942,0.577487848876084,0.152526874474428,0.03202367537737,1.65805913509581,0.0227843582065958,1.1997959926476,-0.908442927262161
-0.0126959475525494,0.0445985171670209,-1.36666861795212,16.5748862370987,0.0143108628561456,0.0435665371944378,0.596221875068856,0.104382145669943,0.0266425573565441,1.66273255647657,0.0227472610001322,1.25367204516543,-0.904809048279933
-0.00198071455791659,0.0434577113441985,-1.34843316341007,17.2423333036006,0.0140061812158736,0.0434324530726158,0.48047323415322,0.0977436293907954,0.0328854484642232,1.71194448435752,0.0223160031762775,1.26893082410328,-0.904092121765
-0.00901085536783243,0.0435724204159669,-1.30160594157999,16.8247708405506,0.0134105326561925,0.0429672990813064,0.566328873021555,0.119309872260717,0.0358742075053054,1.7043557440298,0.0225515210683163,1.28232904082861,-0.908771996708546
-0.00901085536783243,0.0435724204159669,-1.30160594157999,16.8247708405506,0.0134105326561925,0.0429672990813064,0.566328873021555,0.119309872260717,0.0358742075053054,1.7043557440298,0.0225515210683163,1.28232904082861,-0.908771996708546
-0.0189990032665307,0.0466577509708259,-1.25143755860468,17.0338801222515,0.0133453935265737,0.0428121832605801,0.544153398636397,0.117078093590716,0.0299877297540856,1.71922086047511,0.022244464928805,1.31199205875793,-0.918366016191935
-0.0189990032665307,0.0466577509708259,-1.25143755860468,17.0338801222515,0.0133453935265737,0.0428121832605801,0.544153398636397,0.117078093590716,0.0299877297540856,1.71922086047511,0.022244464928805,1.31199205875793,-0.918366016191935
-0.0231752865677291,0.0429967661378313,-1.25032805984324,17.7474258744674,0.012714268254229,0.0441042157943388,0.672277786809133,0.123124492878898,0.0302441021811101,1.64388111217383,0.0223626179313091,1.29105585501191,-0.926873829535214
-0.0039298158349454,0.0452043527484462,-1.26108398544458,17.891497604873,0.0126290230029767,0.0437314070042111,0.666677153105522,0.131239043660878,0.0271479763680303,1.63076041547982,0.0224388457624331,1.23144678800836,-0.929173128893437
-0.00875702638993797,0.0442097550387718,-1.28168783649032,18.1330531836661,0.0126345760193468,0.0435682531004254,0.722357423511078,0.172890326814364,0.0262338588598563,1.67934100651748,0.0224294879289224,1.17559482335898,-0.929994892459861
-0.00881603324054512,0.0435618337984493,-1.28801529565591,17.9413154289314,0.0121881568724789,0.0441197493087983,0.616692757882125,0.25277305603758,0.0275214834497578,1.66531848444719,0.0226076706193432,1.12664036900764,-0.928553091239342
-0.0118758429747451,0.0445120233995219,-1.31609770619381,17.9646614272972,0.012376971416272,0.0434141122116455,0.464833347236635,0.214541567713137,0.0294881267891528,1.65091959398468,0.0224055417504995,1.13707223583044,-0.929534393057129
-0.0118758429747451,0.0445120233995219,-1.31609770619381,17.9646614272972,0.012376971416272,0.0434141122116455,0.464833347236635,0.214541567713137,0.0294881267891528,1.65091959398468,0.0224055417504995,1.13707223583044,-0.929534393057129
-0.0101632127168876,0.0448506804258306,-1.28600825983724,17.4249009941876,0.0122707668453972,0.0431066647859541,0.364654418502628,0.197004619399611,0.0276496290021246,1.65419263166792,0.0223446926230749,1.1545933077783,-0.922429474832436
-0.010783343291726,0.0450696212880401,-1.30953449461246,18.2710027244598,0.0123764494114013,0.0438736496816416,0.422761607813585,0.212462539849904,0.026632263875856,1.66118026357786,0.0223880662762103,1.14203245001557,-0.926847421356177
-0.0143964977575789,0.0454463273802548,-1.30520887355687,18.8770975100821,0.0121792218051444,0.0436186395501103,0.352807099908555,0.247485201582516,0.0265645534891287,1.65811011947271,0.0225236859681915,1.1376262048431,-0.921119714422138
-0.0143964977575789,0.0454463273802548,-1.30520887355687,18.8770975100821,0.0121792218051444,0.0436186395501103,0.352807099908555,0.247485201582516,0.0265645534891287,1.65811011947271,0.0225236859681915,1.1376262048431,-0.921119714422138
-0.01394330824532,0.0441493500755122,-1.26525449703987,19.1822800164092,0.0119943690161032,0.0435220658073939,0.0958415687860209,0.209748433356685,0.0320476881727116,1.6600540041826,0.022470143395541,1.14662222732787,-0.918627881542573
-0.0103192127072351,0.0446367141988375,-1.27071136501051,18.8906678542344,0.0121036249643855,0.042886558355809,-0.0228790349059376,0.204222733525749,0.0304265680306579,1.66598852533821,0.0226167560301406,1.15690515109564,-0.923857121446331
-0.00745724719265481,0.0434996493669305,-1.3219720915661,19.1404335447913,0.0121061045154162,0.0429365341322386,-0.0749763909095289,0.18111196760549,0.0299333501452595,1.65009823691517,0.0227381041714133,1.1580461419692,-0.927066351834349
-0.0171068506119426,0.0430140913452335,-1.31628872254105,19.1412249543768,0.0120864379661681,0.0435317263997704,-0.0147572480498127,0.18017075105067,0.0275754707721473,1.62661117126742,0.0226517636831449,1.15370510368366,-0.924199384459004
-0.00846961058862443,0.0420091188447634,-1.33631114594662,20.2876936048352,0.0120313491020177,0.0444334827785261,-0.070351731899866,0.17647276809485,0.0271537703535976,1.6274636706,0.0225321612735451,1.10932857935108,-0.92335808345075
-0.0122759647443993,0.0427331740543856,-1.34441891202695,20.1113537874809,0.0119802092923328,0.044108313300805,-0.0193347232291248,0.186004383425891,0.0301999323149856,1.62228385856347,0.0223359010839361,1.11601629874046,-0.922696227113797
-0.00813003302585447,0.0393200305014765,-1.33213733764983,19.5734617114087,0.01220825089377,0.0448298495128817,-0.130909890591385,0.218171703000983,0.0258849817603294,1.58918612144034,0.0224619848353948,1.12145580090091,-0.921440134860942
-0.00894689727825022,0.0380827845173645,-1.32142224640021,19.8810624433838,0.0125208463208138,0.0445091572101937,-0.243903158469885,0.332917713027047,0.0278939064019037,1.59433857472306,0.0225505455985967,1.12428557496061,-0.929912484014974
-0.0220797348194502,0.0373777104480291,-1.30208926802813,19.9836339907442,0.0124723952948259,0.0437176593521681,-0.185848690387227,0.295965650485422,0.0246819992218826,1.59292903407935,0.0224287526171259,1.13567025386284,-0.931336877908366
-0.00712771090558309,0.036934849106625,-1.2865455409504,19.7377984228919,0.0124791565989608,0.0436890348801091,-0.266902242104592,0.250532895110121,0.0289132101320572,1.57711809746765,0.0223612452235375,1.12821813210728,-0.930719558909477
-0.0108770887175061,0.0352560481526099,-1.2929562750801,17.2964410474437,0.012591310318517,0.0434801450497436,-0.350169398475651,0.182034216334077,0.0296819706230442,1.57871914026008,0.0225636484998819,1.13044067737258,-0.935037004220226
-0.0108770887175061,0.0352560481526099,-1.2929562750801,17.2964410474437,0.012591310318517,0.0434801450497436,-0.350169398475651,0.182034216334077,0.0296819706230442,1.57871914026008,0.0225636484998819,1.13044067737258,-0.935037004220226
-0.00352976747612826,0.0342226580986424,-1.27595681136535,17.2404063882931,0.0126359583199795,0.043529136151874,-0.314445490877465,0.17490447700778,0.027416135189949,1.5785112201894,0.0226181344003614,1.10446343210919,-0.937148558516136
-0.00256899080734336,0.0354657780777348,-1.28887237026538,16.7055033640534,0.0125228196240884,0.0439384713132217,-0.258094321686601,0.150475463021893,0.0305371286410819,1.55795093308123,0.0224758340943862,1.09415559399182,-0.937065993542002
-0.00909900445884028,0.0367402984360415,-1.30388425828168,16.6526062719952,0.0122333238529139,0.0443470276803242,-0.210375360151115,0.152044458648469,0.0311594394137187,1.53396469392979,0.0224207802986129,1.09210873565834,-0.938103076458859
-0.00909900445884028,0.0367402984360415,-1.30388425828168,16.6526062719952,0.0122333238529139,0.0443470276803242,-0.210375360151115,0.152044458648469,0.0311594394137187,1.53396469392979,0.0224207802986129,1.09210873565834,-0.938103076458859
-0.00909900445884028,0.0367402984360415,-1.30388425828168,16.6526062719952,0.0122333238529139,0.0443470276803242,-0.210375360151115,0.152044458648469,0.0311594394137187,1.53396469392979,0.0224207802986129,1.09210873565834,-0.938103076458859
-0.0170102893621481,0.0338969000760638,-1.28353501474872,16.6041772374912,0.0123742180581484,0.0447078100663415,-0.152377381600117,0.113989623750724,0.0373147316219801,1.54826268615513,0.0224603276233713,1.15705140162821,-0.935534222753838
-0.00277482067592531,0.0305360560881243,-1.29226826091112,17.838569851071,0.0119784055606238,0.0440792112026953,-0.151602370821752,0.190106249464193,0.0277780133401409,1.57690758003288,0.0221884057734047,1.07938497723107,-0.933668939908157
-0.00895463498246276,0.0311843154402088,-1.27700384528321,18.3664247642768,0.0116275248793595,0.0443580789255301,0.103849767486329,0.174805775235641,0.0235828403173501,1.58443442016408,0.0219644053006508,1.07149429550085,-0.939805916791978
-0.0098766471899267,0.0311523396264132,-1.30490086273525,16.9845533803774,0.0112798576846685,0.0451766243403292,-0.05779466327734,0.189287434736522,0.0267320680760981,1.57561545970908,0.022047229295041,1.04119231148831,-0.936245977656204
-0.0031266577052195,0.0314147297764798,-1.31633412233243,17.6026744089268,0.0111053478502366,0.0451646959589689,-0.190634677117941,0.166300684371164,0.0310533929473938,1.54950178276438,0.0220720992752591,1.04778047952247,-0.934243267613467
-0.00927425019212041,0.033218336323191,-1.33524444418853,16.304177145871,0.0104414539612082,0.0455469766808702,-0.0832329790150819,0.185403195314819,0.0262109681288442,1.5804225872695,0.021981569449139,1.04911159697582,-0.935865700544144
-0.0137719912433899,0.0335056464973546,-1.33358753973352,16.5704775047508,0.0103228221223486,0.0461305210626311,-0.129845685854708,0.225150541788954,0.0282100402039598,1.56886747073698,0.021974616348502,1.03910060288227,-0.936787170299174
-0.0146685572054706,0.0332515220372473,-1.33618770785317,17.5519047418222,0.0103748339630709,0.0457004676209322,-0.148793813710471,0.205613819285289,0.0295938209101875,1.57037989513175,0.0218577123846184,1.04556218159517,-0.933142606494227
-0.014826852699162,0.0321362799070252,-1.36082146881965,17.500430535583,0.0103406367362051,0.0463731961493151,-0.172154392048954,0.1737531572973,0.0252670456464406,1.57847573111796,0.0217362802635924,1.01495621299761,-0.935814994366452
-0.00652446734751919,0.0327839886498467,-1.36681173614553,17.3080586149423,0.0102850868950027,0.0465376991458993,-0.201177262916548,0.170821964610083,0.0281312954900889,1.58082741316808,0.0218004750295572,1.01128824727357,-0.938180506883682
-0.00652446734751919,0.0327839886498467,-1.36681173614553,17.3080586149423,0.0102850868950027,0.0465376991458993,-0.201177262916548,0.170821964610083,0.0281312954900889,1.58082741316808,0.0218004750295572,1.01128824727357,-0.938180506883682
-0.0133101507047191,0.0320743663263352,-1.38143016573878,15.8558353812356,0.0101497679633289,0.0462352197071068,-0.203460212661162,0.157120730417331,0.02872054834683,1.58539510981415,0.0218598426327717,0.999098991728474,-0.933515100698959
-0.0135615742247988,0.0324968141262931,-1.38445538711895,15.949381963666,0.0103400614344216,0.0457300395302678,-0.17587315601728,0.24836059647329,0.0267721673187468,1.54852067012189,0.0218610123351016,1.03162657632018,-0.931412673532631
-0.0127624669441268,0.0305293572861152,-1.41079496513015,17.0344739785887,0.0104030781660425,0.046135070799825,-0.16476645971499,0.197815473334634,0.0259553981747141,1.53016872675176,0.0219448782895466,0.999115152071777,-0.936299447347614
-0.0127624669441268,0.0305293572861152,-1.41079496513015,17.0344739785887,0.0104030781660425,0.046135070799825,-0.16476645971499,0.197815473334634,0.0259553981747141,1.53016872675176,0.0219448782895466,0.999115152071777,-0.936299447347614
-0.0125773207753688,0.0319601225175381,-1.44772012052796,18.385186851779,0.0103286045920788,0.0466579243895441,-0.404120014852214,0.260612996292217,0.0276367386741918,1.54369659974251,0.0220789259629014,0.986846583667036,-0.935793904115194
-0.0125773207753688,0.0319601225175381,-1.44772012052796,18.385186851779,0.0103286045920788,0.0466579243895441,-0.404120014852214,0.260612996292217,0.0276367386741918,1.54369659974251,0.0220789259629014,0.986846583667036,-0.935793904115194
-0.00876670114247425,0.0320299566656153,-1.43974259793053,17.5772140340668,0.010708497894489,0.0463404354662495,-0.395642447695216,0.285472210197956,0.0263631716414515,1.53433811344749,0.0220187512552279,1.00713971753954,-0.937712497959695
-0.00876670114247425,0.0320299566656153,-1.43974259793053,17.5772140340668,0.010708497894489,0.0463404354662495,-0.395642447695216,0.285472210197956,0.0263631716414515,1.53433811344749,0.0220187512552279,1.00713971753954,-0.937712497959695
-0.0126464318105193,0.035092956171591,-1.41999267438879,18.4301533717715,0.0106775484135586,0.0459340964422707,-0.376585841953676,0.247968706802032,0.0290452089378927,1.57228477170506,0.0222670842423438,1.02207381918028,-0.936823859928988
-0.0143120213793876,0.036331689544501,-1.41185766949789,18.6365421351047,0.0104956090059901,0.0453320947221244,-0.469582500551271,0.2858498828083,0.0264579076811819,1.53912315799174,0.0222848256757262,1.03645047012035,-0.942042051544258
-0.0143778161382123,0.0349064033057351,-1.43370402843715,18.0527527665163,0.0102924168242687,0.0450009946641822,-0.411939949872058,0.227868770882997,0.0259811599719245,1.53034010420016,0.022255677617707,1.02868478737711,-0.944785772172249
-0.0143778161382123,0.0349064033057351,-1.43370402843715,18.0527527665163,0.0102924168242687,0.0450009946641822,-0.411939949872058,0.227868770882997,0.0259811599719245,1.53034010420016,0.022255677617707,1.02868478737711,-0.944785772172249
-0.0119128638376868,0.0341621832628276,-1.43310824858071,20.6942069189476,0.0100202530120574,0.0449254207457399,-0.26433165743786,0.212396488230918,0.0260913478062368,1.55579402970424,0.022639127835622,1.01825264086774,-0.945467287487656
-0.0126609519227262,0.0326746776129638,-1.42801146332691,20.824222031748,0.00983509669412922,0.045084442830792,-0.334701114544228,0.182181106289866,0.0289366824315333,1.51688610475759,0.0226358984063794,1.04199340340383,-0.943603933380365
-0.0120151897502192,0.0334800699707629,-1.4621890866171,21.3842328250542,0.00944847151826659,0.0458024034136507,-0.0704262548717764,0.183631859300037,0.0254645143485824,1.46774288155123,0.0223999227099552,1.02713058437872,-0.943743888096669
-0.0128016833294368,0.0326275300498561,-1.45600186790418,21.121956867541,0.00953740641109286,0.0455327023283707,0.0208489045061981,0.205526745690368,0.0253020878858226,1.45913651707125,0.0221637191896892,1.0033128215362,-0.942458239843783
-0.0127181593022413,0.033420834151844,-1.43243345059075,20.4236695146856,0.00966628731500428,0.0455190703822449,-0.0423064854473856,0.229588380656861,0.027381759537241,1.48443021202102,0.0221861533691413,0.985358381035187,-0.939751039974816
-0.00965086212639527,0.0321202791749962,-1.42146205019439,21.0675633370353,0.00970247420232131,0.0455036691153259,-0.302474507703557,0.241200501011413,0.0248874670865548,1.47733897604277,0.0219645781005248,0.956534294435602,-0.946902213216805
-0.00631029923129977,0.030437906154289,-1.43124236349303,19.8308091701436,0.00962028984737223,0.0453074343017243,-0.291106164150496,0.260590265849434,0.0279771916057466,1.48296313047297,0.022154524149294,0.956706306377003,-0.942489059776992
-0.00631029923129977,0.030437906154289,-1.43124236349303,19.8308091701436,0.00962028984737223,0.0453074343017243,-0.291106164150496,0.260590265849434,0.0279771916057466,1.48296313047297,0.022154524149294,0.956706306377003,-0.942489059776992
-0.0116091751867205,0.0297188150839922,-1.38929356907267,18.1281657975156,0.0092624050926006,0.0453901917068291,-0.42568831171983,0.186324748431875,0.0300470725586275,1.47513505911732,0.021901226068663,0.980849691299943,-0.946230455648388
-0.00752317827301255,0.0288191135889281,-1.40692286616765,18.8742218131883,0.00940363612463279,0.0465703155698585,-0.304799370210109,0.178253835402896,0.02744270861111,1.48741852511402,0.0219166006200325,1.00576304325376,-0.943678134624958
-0.0119349154123556,0.0286924672812449,-1.42792898794007,19.103041745295,0.00963718635589959,0.0468117580782827,0.0158113276583673,0.207304363804207,0.0315203080850371,1.47477543064156,0.022001983264715,0.962904894851755,-0.948519080603107
0.0026569940118485,0.0293983733880032,-1.44284106632765,19.2700672583068,0.00968246311262562,0.0471055529076295,-0.0227389001000958,0.243696837608525,0.0282494306775928,1.47298147001289,0.0219133624449095,0.971662747505057,-0.945548835688333
-0.0157606170014291,0.0291571849339178,-1.46137287637446,19.2646309903689,0.00953927950309835,0.0473304166076561,0.0421487239566415,0.13965410365081,0.0310114607961271,1.46760415636445,0.0219478960473375,1.02884461349543,-0.940470737358411
-0.00823546614041159,0.0277374090023376,-1.44990748665637,19.5721491212445,0.00982767995048168,0.047378076610194,0.0216732992125924,0.129733990180371,0.0264387797907246,1.4588545192257,0.0219819389792956,1.0265251960321,-0.930830103778782
-0.00823546614041159,0.0277374090023376,-1.44990748665637,19.5721491212445,0.00982767995048168,0.047378076610194,0.0216732992125924,0.129733990180371,0.0264387797907246,1.4588545192257,0.0219819389792956,1.0265251960321,-0.930830103778782
-0.00873576240439026,0.0268010332257503,-1.47139293468555,19.3486772896874,0.00980685970541145,0.0471525563172186,-0.148727371948059,0.223604252005784,0.0232375599843322,1.45035878358523,0.02196453945272,0.995240153664819,-0.922271500698661
-0.00684893944930963,0.0264132531709193,-1.42141340304416,18.0757709011645,0.00977234164644983,0.0470931655589777,-0.0915210283189008,0.196373618554841,0.0250215986787249,1.418451063098,0.0218549111179079,0.964053280854616,-0.922055352748404
-0.00684893944930963,0.0264132531709193,-1.42141340304416,18.0757709011645,0.00977234164644983,0.0470931655589777,-0.0915210283189008,0.196373618554841,0.0250215986787249,1.418451063098,0.0218549111179079,0.964053280854616,-0.922055352748404
-0.00714650702630232,0.027624814933033,-1.44386533524923,16.8201435380284,0.00955476099470872,0.0466635545514245,0.0613356315422205,0.191047764585472,0.02722084243507,1.38966508551858,0.0220403378932863,0.968343476536159,-0.915401531873996
-0.0065095252669069,0.0281854592618911,-1.46300796028403,16.6190914509342,0.00960348213251568,0.0469393877214092,0.0537396187262495,0.185010146988903,0.027502069538952,1.3849129784644,0.0221129835260015,0.973876158057468,-0.917689727720946
-0.00341110065423637,0.0282336161433435,-1.48677559866615,17.071039676452,0.0093647868690186,0.0476230657270617,-0.122370553491581,0.182349731885512,0.0274386410288021,1.37481977171021,0.0223836104289399,0.984627788408337,-0.909191997621541
-0.0152695528712569,0.027405591055057,-1.48383804048947,17.9200752238198,0.00944016170646476,0.0474268707340896,-0.204258146238926,0.216043754372441,0.0270040275801062,1.3762663264943,0.0223950670869216,0.995905038200791,-0.911324622688114
-0.00939981450901825,0.0315664359335937,-1.4956832458547,18.0373846372545,0.00887895608935248,0.0465910165294815,-0.0455960538436081,0.270378344201375,0.0245359943287637,1.3374936861569,0.0221295582817297,1.03169066917412,-0.90486721045542
-0.0119675866677053,0.0307320529671612,-1.47589354785688,17.4620051104976,0.00889135404893503,0.0467905315242977,0.0454895805957361,0.280117370686907,0.0273020640692752,1.35913960957995,0.0220559332087819,1.02950886903574,-0.911884653821415
-0.012059403432496,0.032262462360627,-1.44813959462439,17.023572339831,0.00886169475021658,0.0472159700875842,-0.00304646965629268,0.21690755931076,0.0260011656071681,1.36998381758246,0.0222198100839219,1.05500582147134,-0.903971650350386
-0.0101364376412617,0.031572453310294,-1.42917079657881,16.7953386361467,0.0089974333336687,0.0467379206279876,0.110990649141203,0.220589569911796,0.0313305025030342,1.35710550078786,0.0222189682223582,1.04436903762287,-0.904854363021505
-0.0150796413326366,0.0292329305957554,-1.41662074782869,17.0531632135032,0.00899796319423194,0.046782681431963,-0.113975253507654,0.146592067652829,0.0259637176763352,1.41674318286292,0.0220967459272056,0.996316300695513,-0.905854662343379
-0.00749531126418224,0.0280142747677697,-1.42753703675907,17.5688610956005,0.00876897915710504,0.0469500886635908,-0.0987395830187728,0.147999685836847,0.0296616640615929,1.41570867998454,0.0221174634425177,1.02396052654432,-0.911328617463367
-0.00621908000299688,0.0295768698046042,-1.40860416795578,17.5713241493124,0.00871164131143873,0.0471031442886666,-0.151409347206834,0.167529272107597,0.0295932863073706,1.40732075713424,0.0220451586316036,1.02887299925674,-0.910427865197243
-0.0115452924899996,0.0277284496162037,-1.42153955341534,18.0903967287103,0.00851075469250316,0.0459768149495248,-0.319664312082104,0.170612826353617,0.0312338187061988,1.42866782634496,0.0222577208446105,1.02113868057549,-0.912403109072894
-0.0120445326434474,0.029297948861967,-1.43088539273021,17.4579925145959,0.00894180219110458,0.045888040204362,-0.582448255437599,0.197727898298305,0.0264530630704477,1.42318848753554,0.022128469210651,1.02517533261905,-0.914673313441489
-0.00974404715113947,0.0307662822243171,-1.45709630918247,17.0867257096053,0.00881253470992562,0.0458477183347383,-0.618134865085431,0.203855525674948,0.0250151914957248,1.41644520574183,0.0222764201164616,1.006853751573,-0.910706242245482
-0.0117769588882671,0.0288835491853801,-1.43865322790615,17.108101610898,0.00867319363714589,0.0465486743440892,-0.621214421475746,0.227371078543482,0.0239372697594913,1.41636766135263,0.0222570836327251,1.00631068009792,-0.906922908563126
-0.01151116314604,0.0295921051028702,-1.50186507950835,19.515937084453,0.00843149279729632,0.0466301698010596,-0.546387622013735,0.212780232372806,0.0261195575751882,1.43633992347872,0.0220637848419301,0.993117559317847,-0.911992866978036
-0.0132494967700568,0.0304147081202635,-1.51317597968859,20.1140808124828,0.00862828924528395,0.046900126986986,-0.216931172739589,0.171994062925352,0.0252110415561212,1.45176035435513,0.022197075433666,1.01697841369319,-0.90737527370665
0.00436181163030328,0.030952191364527,-1.57629598452285,19.7530019302205,0.00908811596255205,0.0472058832086462,-0.158991423772742,0.160472203997988,0.0241120729507235,1.43036066086045,0.0223377382824152,1.02227920625966,-0.907658028465076
-0.0105773156979412,0.031476940821131,-1.57857933801214,20.1544270911214,0.00892517842655492,0.0477292876322611,-0.136497730694851,0.126101834865564,0.0280858175979855,1.39272263049872,0.0221304619402461,0.988262343034148,-0.894163187007632
-0.0232515287603651,0.0317805689339281,-1.57549758505173,19.9667882623536,0.00883595745247935,0.0475121271746814,-0.114283087631774,0.165022397242874,0.025796949268987,1.4099405171207,0.0220372633209516,1.00631648249298,-0.894858871293785
-0.0114992777752387,0.0364237095530276,-1.64084690993791,18.5458082524247,0.00921098893744962,0.0485258842023572,-0.0402033731076569,0.317215740895779,0.0259071165954794,1.44620404533229,0.022432688066218,1.03645810190247,-0.897789725795337
-0.0114992777752387,0.0364237095530276,-1.64084690993791,18.5458082524247,0.00921098893744962,0.0485258842023572,-0.0402033731076569,0.317215740895779,0.0259071165954794,1.44620404533229,0.022432688066218,1.03645810190247,-0.897789725795337
-0.00499870304450349,0.0336766333209413,-1.70096208793805,18.0701331050408,0.00900237169787081,0.0479765654197907,0.118986892035395,0.294229710754317,0.0276545398871085,1.48388639149183,0.0222843892628101,1.06612355306356,-0.894373600747047
-0.0151239823297916,0.035184575088396,-1.67449924756309,18.0592578739989,0.00884532363323808,0.0480665313842554,0.217406295227073,0.241671978344101,0.0256302376214761,1.49650267638158,0.0222733090172945,1.07247725033604,-0.893729164783949
-0.000823470857260441,0.0367931660922018,-1.68680245648751,18.3303042500111,0.00878639592306982,0.0483490624263323,0.442161382890838,0.194397862981988,0.0271123178102446,1.48005170114869,0.0225198664944277,1.08973194979634,-0.901727955989279
0.0023791649220483,0.0377507104250222,-1.68011285603445,18.588769972291,0.0084323555106835,0.0481205260689351,0.441807816372848,0.228518967717662,0.0279903516091712,1.49443728634988,0.0225470656130566,1.11648454950238,-0.899476618061275
-0.0102586738643973,0.0393567037371057,-1.67241843585912,17.3734183471812,0.00839984449239683,0.047608919271248,0.278244526554033,0.233388968055858,0.0247292947506695,1.50969368603283,0.0224100204950035,1.09235315621423,-0.891380355751832
-0.00990739091758862,0.038387120827352,-1.67128430728316,17.1101694972027,0.00839281060905091,0.047040510722563,0.233658999932718,0.307008301336385,0.0261636013270332,1.50011798074583,0.0222435967170177,1.07110141102193,-0.897499584117673
-0.0130995252304779,0.0377518971707063,-1.71002713149797,16.5028233234448,0.00820148346791301,0.0462330611785179,0.133494880922134,0.445420279757713,0.0222465808341788,1.55103699579611,0.0218105689111685,1.08517042926173,-0.893514380202566
-0.0204321050230556,0.03961784430009,-1.78328890307957,18.0508907583743,0.00814157032536259,0.0464126776567065,0.222115548423888,0.383317960236107,0.0202935015646476,1.53399721806373,0.021762234718838,1.0875539416159,-0.890341532211935
-0.0155639630946146,0.0387852306729111,-1.79659720418875,20.142311661248,0.00803401913129403,0.0473708035083829,0.263241427288467,0.297860856461503,0.0283680736930919,1.54435832502726,0.0214956578228158,1.06052789834133,-0.878652395223251
-0.010012728611713,0.0395227476249176,-1.82319574803167,20.4195764192441,0.0081141147820852,0.0477318958238024,0.229631977693157,0.235062698070096,0.0255266898515467,1.54564806491588,0.0214402062288077,1.03934072089989,-0.882706278672096
-0.0159670517065217,0.0397125737301838,-1.81827619478126,21.0917604886485,0.00824806900933173,0.0478767835473818,0.162500823734492,0.222204951921865,0.0263536092196984,1.5425469294865,0.021454474536994,1.07571885380161,-0.887376195741085
-0.0159670517065217,0.0397125737301838,-1.81827619478126,21.0917604886485,0.00824806900933173,0.0478767835473818,0.162500823734492,0.222204951921865,0.0263536092196984,1.5425469294865,0.021454474536994,1.07571885380161,-0.887376195741085
-0.0159670517065217,0.0397125737301838,-1.81827619478126,21.0917604886485,0.00824806900933173,0.0478767835473818,0.162500823734492,0.222204951921865,0.0263536092196984,1.5425469294865,0.021454474536994,1.07571885380161,-0.887376195741085
-0.0103442251958156,0.0374549063873926,-1.82955911508419,21.8753075043243,0.00816798724350936,0.0473618570320733,0.0106027301470052,0.259320131735953,0.022911884036137,1.54515052007172,0.0213287286283953,1.06245508904249,-0.895401925704301
-0.0131257701976235,0.0419488682339613,-1.84128105511037,21.0215170401068,0.008340138479821,0.0476578788908994,0.0991983690266427,0.316737169121993,0.0208816829003959,1.51335647571253,0.0211824389661244,1.02081429013369,-0.897976105766857
-0.0196538343557132,0.0377243111683807,-1.84769305895666,19.0053415196996,0.00859014494353713,0.0474208833036851,-0.000627651501689813,0.333624080806079,0.0223787444029764,1.5842058974956,0.0208607329189715,1.04136829135524,-0.898444388091048
-0.0168983214510464,0.0390416204245782,-1.87559733971156,19.0511340907452,0.00827217521477788,0.0481251068121551,-0.11666323155493,0.239320224093772,0.0238217370904283,1.59809290348468,0.0207286436945265,1.102284428856,-0.890417656928544
-0.0181029945362846,0.0421847685519591,-1.88271704818365,18.180283779956,0.00822613745158036,0.0481085302420541,-0.315283346956945,0.165677900083855,0.0284961567261873,1.61072021877465,0.0208869560116131,1.07112621096037,-0.888418688963008
-0.0135176746959209,0.0404739654459531,-1.90537593788576,17.9977954866099,0.0080335076491789,0.0483568428133193,-0.137166953979858,0.231436850768068,0.025891227543942,1.61815282793902,0.0209857472017011,1.02376424735935,-0.891232443952634
-0.0135176746959209,0.0404739654459531,-1.90537593788576,17.9977954866099,0.0080335076491789,0.0483568428133193,-0.137166953979858,0.231436850768068,0.025891227543942,1.61815282793902,0.0209857472017011,1.02376424735935,-0.891232443952634
-0.00857494187724389,0.0388015810303292,-1.90113251736377,18.3275440475748,0.00788763090208463,0.0486345111333207,-0.135919123498153,0.227317117295725,0.026002276004262,1.62231533465117,0.0207793820348589,1.02611604114023,-0.891866291983943
-0.0119945958935897,0.0376819105996298,-1.90994987859776,17.8587516404015,0.00780718423912483,0.0490140052915024,-0.135586923449866,0.26144485235933,0.0247529961625097,1.61487079363142,0.0207287085703499,1.00477204247348,-0.894023177092691
-0.010360453505383,0.0365855669969017,-1.86759078801344,18.4414700609466,0.00771194725965851,0.0491063227142455,-0.332929462091843,0.266240174857758,0.02455849421695,1.63095071815875,0.0209939743665924,0.967249488833107,-0.893173828106204
-0.010360453505383,0.0365855669969017,-1.86759078801344,18.4414700609466,0.00771194725965851,0.0491063227142455,-0.332929462091843,0.266240174857758,0.02455849421695,1.63095071815875,0.0209939743665924,0.967249488833107,-0.893173828106204
-0.0126982340455857,0.0376469670965069,-1.84989520867189,18.2420817611859,0.00767533790177468,0.0494753286209669,-0.314098293865288,0.271978898088314,0.0234832285020475,1.63328406755769,0.0209693651364422,0.982025318414976,-0.898076243064408
-0.0131900929004943,0.0378860881256329,-1.86244286129865,18.2820659223014,0.00764655062805192,0.0499253374646519,-0.287930934421213,0.266860623326819,0.0246506238920544,1.634463841031,0.021126145011178,0.976324134517711,-0.898291086030047
-0.0110094976126015,0.0370550115015332,-1.85469992168715,18.6132393933392,0.00773441646451313,0.0498763557381066,-0.125975415092977,0.264700319151396,0.0289025193364437,1.59914594204773,0.0213429428992991,1.00062985877451,-0.899050392815628
-0.011902416654383,0.0370365364791798,-1.86685392648567,18.8771975521722,0.00767591722071207,0.0491227561277365,-0.0503621402980205,0.252072567710241,0.0235353154917737,1.60188498638092,0.0212771283818719,1.01611444569611,-0.891995004306136
-0.0179663260099819,0.0386599737231654,-1.88271838300271,18.1821776044207,0.00774172371695655,0.0499341549075332,-0.10944099367077,0.250314443419595,0.0238945646268762,1.63267751965811,0.0211966562277787,1.02523430396856,-0.897743532383985
-0.0179663260099819,0.0386599737231654,-1.88271838300271,18.1821776044207,0.00774172371695655,0.0499341549075332,-0.10944099367077,0.250314443419595,0.0238945646268762,1.63267751965811,0.0211966562277787,1.02523430396856,-0.897743532383985
-0.00690937572821768,0.03631857284219,-1.90283839771198,19.2420439062159,0.00782933031557733,0.0492381914158625,-0.013357787496442,0.218629646973851,0.0244549851906432,1.64951314052706,0.0211854821388257,1.01241042268043,-0.902014925160489
-0.0145680332062824,0.0348561776397184,-1.91067725619236,17.9937505228421,0.00783071090893213,0.0489988485245519,-0.218093014131374,0.217331183036988,0.0264505619814252,1.67281231298471,0.0213083230446338,0.961031141257835,-0.898920940233886
-0.0131369840324942,0.0366925672504406,-1.94970205626936,19.2261723120443,0.00788399390954041,0.04884696474578,-0.479160525037572,0.229790211891625,0.0226923018598465,1.67552704938083,0.0216575380874971,0.919920672253926,-0.895426011215732
0.00202044092135236,0.0357847860102434,-1.95920790435299,20.0551182228858,0.0079361996189259,0.0503736559716554,-0.386226577672895,0.239283450736516,0.0261283143402383,1.68384354388636,0.0217255853719761,0.903784458528185,-0.901741907475268
-0.015737039729439,0.0364988088938703,-1.9431763273757,20.4378295372331,0.00781070169237176,0.0507855238302241,-0.540940909944279,0.280087111386492,0.024512238395615,1.65840875573665,0.0216845311229568,0.933221951782461,-0.898011337133883
-0.015737039729439,0.0364988088938703,-1.9431763273757,20.4378295372331,0.00781070169237176,0.0507855238302241,-0.540940909944279,0.280087111386492,0.024512238395615,1.65840875573665,0.0216845311229568,0.933221951782461,-0.898011337133883
-0.015202376836957,0.0356975246844431,-1.93966331436302,20.7565816120978,0.00775522707784914,0.0507068662462141,-0.583988645737413,0.297119572545555,0.0272047115059314,1.66871526882867,0.0218589559789691,0.94560485564245,-0.902122280655311
-0.0087811912501848,0.0369560908654028,-1.91562077067119,20.6672713113303,0.00774717007558254,0.0508593485855914,-0.595520612667684,0.279323651635598,0.0275174923411666,1.66033664170658,0.0217218627203392,0.937789582404977,-0.900258154934775
-0.0120211544242882,0.0368041796958979,-1.94698919557559,19.1875818195282,0.00765624373161626,0.0506841604836824,-0.638173596403443,0.304237999835855,0.0298818836956543,1.69390198649943,0.0216215000873774,0.963608970709422,-0.88741571142182
-0.0226937535347322,0.0371836064198549,-1.92882687870864,18.7534936633007,0.00755892302002056,0.0506196475903262,-0.608907293523885,0.278212968177083,0.0269188421797656,1.71780421798854,0.0217245533936547,0.979766074647938,-0.886248337561482
-0.0184906782117804,0.0400089681709347,-1.94035383815261,18.4229111264927,0.00724392371036345,0.0505989966310367,-0.635304516887951,0.255750814500065,0.0221321575929301,1.74332180144374,0.0214811058641482,0.979194580262587,-0.892920568089189
-0.00525989469746854,0.0400050437941504,-1.95055438691654,18.6360308027365,0.00708364711728668,0.0511201459975461,-0.668259814048625,0.211601333284685,0.0283378466751211,1.7406024203484,0.0215126488747394,0.959657320831415,-0.89645275601066
-0.0154224208859718,0.0391934053907855,-1.93471470225939,18.4283705320183,0.00709348409397261,0.0502266416774906,-0.677040660766582,0.237028228169459,0.0291399708811109,1.7570634058101,0.0213596602783105,0.953843017226053,-0.893355209763133
-0.0154224208859718,0.0391934053907855,-1.93471470225939,18.4283705320183,0.00709348409397261,0.0502266416774906,-0.677040660766582,0.237028228169459,0.0291399708811109,1.7570634058101,0.0213596602783105,0.953843017226053,-0.893355209763133
-0.0134613668374704,0.0396551047895694,-1.91975450331891,19.0972419503453,0.00713158837051749,0.0510334859923101,-0.713219753186477,0.207241666539662,0.0284027432099646,1.78339501298922,0.0214059278847777,0.952919037025049,-0.895628466630424
-0.0134613668374704,0.0396551047895694,-1.91975450331891,19.0972419503453,0.00713158837051749,0.0510334859923101,-0.713219753186477,0.207241666539662,0.0284027432099646,1.78339501298922,0.0214059278847777,0.952919037025049,-0.895628466630424
-0.0207744077981943,0.0385948791635296,-1.89998806364175,18.9570928596724,0.00714739220211865,0.0500417876108761,-0.684814815393477,0.21358164392869,0.0283154657178955,1.78889596046797,0.0215146541372649,0.947625097477982,-0.898627817724949
-0.0100075750495812,0.0385922758142929,-1.90563553246261,17.9427276284893,0.00710885822036299,0.050163935931006,-0.660867419784577,0.173946877489021,0.0219633166338348,1.77095652511085,0.0217244862667381,0.934170753392818,-0.900681986718296
-0.0108637089227844,0.0392524915695933,-1.92406250136639,17.3700723605706,0.00688750645673616,0.0516758506938331,-0.682356394483447,0.133301526169717,0.0273647534191843,1.7412986964545,0.0215709242186714,0.910673725018463,-0.898528890809066
-0.0108637089227844,0.0392524915695933,-1.92406250136639,17.3700723605706,0.00688750645673616,0.0516758506938331,-0.682356394483447,0.133301526169717,0.0273647534191843,1.7412986964545,0.0215709242186714,0.910673725018463,-0.898528890809066
-0.0150428570396601,0.0357786309746048,-1.88800914806938,16.0824450828125,0.00690598515334113,0.050912801285296,-0.66798047876088,0.174939234027064,0.0257489270837065,1.74351172166888,0.0217054768107943,0.855776064968165,-0.899961669405672
-0.014848683893648,0.0345919807755999,-1.86409215792104,16.4136967866499,0.00685132977948935,0.0502940756508658,-0.697085026078822,0.200001436560457,0.0265127499738386,1.74478275058929,0.0216212562246573,0.856163583140094,-0.897478838777859
-0.0135345320146749,0.0340115579143108,-1.87666921174004,15.9971111876325,0.00685206403450586,0.0498350192476102,-0.677124260595016,0.200118229861101,0.0282960665538353,1.76395739016431,0.0215873850628024,0.88458733480532,-0.896615329435297
-0.0135345320146749,0.0340115579143108,-1.87666921174004,15.9971111876325,0.00685206403450586,0.0498350192476102,-0.677124260595016,0.200118229861101,0.0282960665538353,1.76395739016431,0.0215873850628024,0.88458733480532,-0.896615329435297
-0.0120487606563719,0.0335611400857036,-1.88597630342508,16.172787854665,0.00687554842621791,0.0498524222073213,-0.697723891458346,0.207662099638071,0.0255852675490933,1.75299169402181,0.0214165857337935,0.898514150515086,-0.900342246493381
-0.0120487606563719,0.0335611400857036,-1.88597630342508,16.172787854665,0.00687554842621791,0.0498524222073213,-0.697723891458346,0.207662099638071,0.0255852675490933,1.75299169402181,0.0214165857337935,0.898514150515086,-0.900342246493381
-0.0114709124844423,0.0333198842216501,-1.88534982071923,15.6116119724478,0.0067900274101843,0.0502564383415494,-0.700635387951597,0.191604473154224,0.0266579658386815,1.73977582703063,0.0213813552690284,0.894330104977081,-0.903891981821395
-0.0114709124844423,0.0333198842216501,-1.88534982071923,15.6116119724478,0.0067900274101843,0.0502564383415494,-0.700635387951597,0.191604473154224,0.0266579658386815,1.73977582703063,0.0213813552690284,0.894330104977081,-0.903891981821395
-0.0118729179026726,0.0358891225458862,-1.90076867078062,16.5995030172142,0.00666062687487163,0.0505211108185983,-0.765131609509251,0.188758354290179,0.0259333560394631,1.74405049441834,0.0212116171444218,0.897098217122001,-0.904172870985772
-0.0130356519424083,0.0334802271304872,-1.87866285207988,16.7318563793978,0.0066818545794053,0.0504262880255331,-0.804735598792587,0.197742469530828,0.0274434893128873,1.77157801236284,0.0212385176286099,0.883097798687625,-0.906553754444344
-0.0140330957501803,0.0330591618870341,-1.87829544146751,15.2449331876202,0.00676770465231019,0.0513019626279759,-0.853679336761682,0.226646832919176,0.0246052001175381,1.78353386897878,0.0215529419719485,0.857328126685061,-0.908193593731666
-0.0107496617678823,0.0319927450741495,-1.90218267262241,15.613116181391,0.00669654898957057,0.0516066183790965,-0.865424873367553,0.261094041193226,0.0268910108458446,1.79566119942824,0.0215539489850419,0.857165579729619,-0.909255686383215
-0.0153271989521962,0.0317075529388799,-1.88317511687139,16.681736547683,0.00650273329923413,0.0511703057716788,-0.816922144556382,0.244705932136592,0.0269084125903251,1.81842056897338,0.0214708014902429,0.863285092692575,-0.910448051621683
-0.0200237404393848,0.0317949041895411,-1.87310831582963,16.0803265792102,0.00651359582328291,0.0514990118641192,-0.817014907206253,0.254324828155319,0.0305809549970046,1.82195034031236,0.0212713474570018,0.874486100983343,-0.914380207408565
-0.0167851972860694,0.0333170402086291,-1.90165598203448,15.4435183519429,0.00618335124086507,0.0517301515502219,-0.770326632337947,0.242159129160167,0.0288206834077917,1.82501101734897,0.0212751511259858,0.911155284324492,-0.911795979182626
-0.0167851972860694,0.0333170402086291,-1.90165598203448,15.4435183519429,0.00618335124086507,0.0517301515502219,-0.770326632337947,0.242159129160167,0.0288206834077917,1.82501101734897,0.0212751511259858,0.911155284324492,-0.911795979182626
-0.00963918711435185,0.0331660606884749,-1.88292495175935,15.3422609707893,0.00622039310532511,0.0527491714945625,-0.769848135327817,0.197068024032178,0.0263230148931948,1.81027838729775,0.0212479881923207,0.87637219327264,-0.924754677655311
-0.00963918711435185,0.0331660606884749,-1.88292495175935,15.3422609707893,0.00622039310532511,0.0527491714945625,-0.769848135327817,0.197068024032178,0.0263230148931948,1.81027838729775,0.0212479881923207,0.87637219327264,-0.924754677655311
-0.00963918711435185,0.0331660606884749,-1.88292495175935,15.3422609707893,0.00622039310532511,0.0527491714945625,-0.769848135327817,0.197068024032178,0.0263230148931948,1.81027838729775,0.0212479881923207,0.87637219327264,-0.924754677655311
-0.00793021100526728,0.0324973739069095,-1.92241615510652,17.3151079597735,0.0061974871170622,0.0528350792520386,-0.674484354234882,0.266516068609802,0.0248558236705275,1.75948139574365,0.0212151474183711,0.912442165784027,-0.927737266245113
-0.0109664808964245,0.03428581646185,-1.93637403757773,18.423555915941,0.00622479955467431,0.0534086409682025,-0.59770092693501,0.268786280688522,0.0247890172565399,1.7411380734695,0.0213731405028236,0.884316945132987,-0.926587352823799
-0.0109664808964245,0.03428581646185,-1.93637403757773,18.423555915941,0.00622479955467431,0.0534086409682025,-0.59770092693501,0.268786280688522,0.0247890172565399,1.7411380734695,0.0213731405028236,0.884316945132987,-0.926587352823799
-0.00954589605938057,0.0349184814610102,-1.90842449355041,18.4226019155178,0.00617291881874349,0.0517969391626546,-0.543090892730545,0.180429729890736,0.0268716914822903,1.74057232932837,0.021393396850451,0.898517729737242,-0.926902430143848
-0.00954589605938057,0.0349184814610102,-1.90842449355041,18.4226019155178,0.00617291881874349,0.0517969391626546,-0.543090892730545,0.180429729890736,0.0268716914822903,1.74057232932837,0.021393396850451,0.898517729737242,-0.926902430143848
-0.0121712716268996,0.034284181036002,-1.92155145324961,18.3366702136101,0.006230352522555,0.0514651677460503,-0.49058430479077,0.189000912934859,0.0289555138403449,1.7497500207058,0.0215355574448878,0.881858380178215,-0.927154850881643
-0.0112616413140367,0.0356321620454132,-1.9312964181061,18.7478680931012,0.0061931348735187,0.0512639454061163,-0.458227070104285,0.168691717129088,0.0260476108059103,1.76811535380522,0.0214810484867749,0.863514273867145,-0.92824359930387
-0.0112616413140367,0.0356321620454132,-1.9312964181061,18.7478680931012,0.0061931348735187,0.0512639454061163,-0.458227070104285,0.168691717129088,0.0260476108059103,1.76811535380522,0.0214810484867749,0.863514273867145,-0.92824359930387
-0.0144294345016684,0.0367153801970007,-1.95654178479315,18.5337383471305,0.00628345213898487,0.0506816086246731,-0.468910340452058,0.195548983107007,0.0237578435850254,1.730958112123,0.021425605490056,0.8628388737775,-0.927851889716827
-0.01187478437775,0.0395321165263994,-1.94900953569741,17.1421094413195,0.00615855053021345,0.050726555889827,-0.476597675326863,0.222758559622852,0.0241971927117221,1.68855217229535,0.0211401506904104,0.870686384784479,-0.929581510844231
-0.01187478437775,0.0395321165263994,-1.94900953569741,17.1421094413195,0.00615855053021345,0.050726555889827,-0.476597675326863,0.222758559622852,0.0241971927117221,1.68855217229535,0.0211401506904104,0.870686384784479,-0.929581510844231
-0.00805256050690669,0.0387216901319123,-1.95104763509929,16.9910474098319,0.0061766731771896,0.0503366273201761,-0.422771822060604,0.225237482521047,0.0268531323343091,1.67016692108938,0.0210800816186907,0.86491914794082,-0.929234025650443
-0.0158994055485859,0.0389975617614306,-1.9450011927361,16.9168586302583,0.00627010092246929,0.050553601238782,-0.386205537634194,0.263473823755112,0.02363969787814,1.65284775873431,0.0210406583876719,0.882493596490723,-0.931903168888843
-0.0150942957372242,0.0404797840859301,-1.92473160757203,16.1537358372743,0.00624588195617918,0.0503435926495234,-0.351576005372543,0.29411566772691,0.0253211543056608,1.65578028884621,0.0213201628534422,0.89305856079971,-0.938949539399905
-0.0222871887922437,0.0433932295052247,-1.91648374561547,15.6722033336921,0.00610892016266227,0.0501371268111692,-0.366287906986576,0.291244482712181,0.0247733672832599,1.64891314647075,0.0212476988256376,0.888849601429348,-0.941622211502127
-0.0137875442034146,0.0450635087933386,-1.89659954262432,15.9175771275093,0.00620821828359486,0.0500437652814455,-0.426550096487775,0.230863987121111,0.0271479118303932,1.63325899145676,0.0213786851511912,0.876121960739789,-0.939837801789063
-0.0137875442034146,0.0450635087933386,-1.89659954262432,15.9175771275093,0.00620821828359486,0.0500437652814455,-0.426550096487775,0.230863987121111,0.0271479118303932,1.63325899145676,0.0213786851511912,0.876121960739789,-0.939837801789063
-0.0125845590086145,0.0466577025747699,-1.8993981904597,16.2264604932643,0.00614286671132831,0.0506578189121999,-0.423503118366259,0.229093719834327,0.0239485747010021,1.63941882474294,0.0214240499672291,0.893152088115023,-0.938379551245545
-0.017112273947578,0.0479827869708929,-1.86957700187721,15.4662302867981,0.00612222002028337,0.0506027487378755,-0.431859708603389,0.207936591926171,0.0305150373577473,1.63703371672228,0.0214785656843904,0.892065973068469,-0.944361737421588
-0.0200710955846294,0.0496504555014131,-1.88709474055288,15.150289260007,0.00626080528039002,0.0505055549530519,-0.287516831908123,0.208829544514214,0.0275413990891723,1.63848248955751,0.0215381259235755,0.914507699832149,-0.948757183064348
-0.0200710955846294,0.0496504555014131,-1.88709474055288,15.150289260007,0.00626080528039002,0.0505055549530519,-0.287516831908123,0.208829544514214,0.0275413990891723,1.63848248955751,0.0215381259235755,0.914507699832149,-0.948757183064348
-0.0150532623108343,0.0481477109292577,-1.88200840084818,15.4609920991008,0.00628218814460187,0.0507407853114552,-0.428378261677635,0.249571612014136,0.0251392362022247,1.63097233088179,0.021500837030939,0.920383123373949,-0.950415235122948
-0.0162295460328774,0.0465389660739272,-1.85279568707874,15.3271252475786,0.00632342395134432,0.050616593078039,-0.433737292495138,0.227017780796008,0.0274155546655027,1.61151287452383,0.0214269968052358,0.907673854931579,-0.94809529892109
-0.0167232711082779,0.0438934201522397,-1.87038951706458,15.1569422761735,0.00641916702710028,0.0505653001408937,-0.462014795339432,0.261472695710216,0.0243013380030049,1.62525756864597,0.0214183720630896,0.914026476058328,-0.947293683485343
-0.0128624834937828,0.0428715186773127,-1.87059486092025,15.7724114086214,0.00650010675611849,0.0507641713509941,-0.440444644922422,0.28713990645851,0.0261065643171341,1.56816524820671,0.0213795089440672,0.92488467104864,-0.948141356933248
-0.0128624834937828,0.0428715186773127,-1.87059486092025,15.7724114086214,0.00650010675611849,0.0507641713509941,-0.440444644922422,0.28713990645851,0.0261065643171341,1.56816524820671,0.0213795089440672,0.92488467104864,-0.948141356933248
-0.0140104625076281,0.0420108370466857,-1.87587986337699,15.7968173264237,0.00651940170403496,0.0508019305033587,-0.431248254431903,0.317561995951304,0.023905597393777,1.55704641627204,0.0213019458072099,0.922207493687352,-0.947029801202191
-0.0180587056983001,0.0420532474404087,-1.85674607112895,15.8583539501988,0.00684609680243081,0.0509582673756661,-0.522669162531502,0.236744089462455,0.0260801808823221,1.59755924415556,0.02161580687112,0.950214072892001,-0.94712834120826
-0.01882326092234,0.0432374458947075,-1.90670120557905,16.1062293995162,0.00682235497748169,0.0517648983138374,-0.489859474727065,0.202434714805917,0.0257537111770906,1.57654401304382,0.0213067665859295,0.972548178447148,-0.944494461400832
-0.0198408936605129,0.0406471188539671,-1.90042450987243,16.1467396194564,0.0068668375296752,0.0538434405265553,-0.265371535089832,0.191162359408637,0.0272075801319113,1.55702007912447,0.0211863378092657,0.967851199776864,-0.947669646822658
-0.0127113401445345,0.0385095571331073,-1.88353628402529,15.7643259887115,0.00684176685809383,0.0540822798559851,-0.3907065155165,0.238627355895982,0.0269865666648351,1.52346601349291,0.0211722837668679,0.965789258098528,-0.94764468543102
-0.0127113401445345,0.0385095571331073,-1.88353628402529,15.7643259887115,0.00684176685809383,0.0540822798559851,-0.3907065155165,0.238627355895982,0.0269865666648351,1.52346601349291,0.0211722837668679,0.965789258098528,-0.94764468543102
-0.0127113401445345,0.0385095571331073,-1.88353628402529,15.7643259887115,0.00684176685809383,0.0540822798559851,-0.3907065155165,0.238627355895982,0.0269865666648351,1.52346601349291,0.0211722837668679,0.965789258098528,-0.94764468543102
-0.0119401431450466,0.0387441237488924,-1.87633656515041,15.577679630541,0.00710291225991641,0.0543749529074187,-0.384236770077376,0.25806663398025,0.0250455892001102,1.52413330622869,0.0211389144821675,0.991374441817189,-0.948597291913521
-0.0119401431450466,0.0387441237488924,-1.87633656515041,15.577679630541,0.00710291225991641,0.0543749529074187,-0.384236770077376,0.25806663398025,0.0250455892001102,1.52413330622869,0.0211389144821675,0.991374441817189,-0.948597291913521
-0.0119401431450466,0.0387441237488924,-1.87633656515041,15.577679630541,0.00710291225991641,0.0543749529074187,-0.384236770077376,0.25806663398025,0.0250455892001102,1.52413330622869,0.0211389144821675,0.991374441817189,-0.948597291913521
-0.00956055562324916,0.0388014181719297,-1.90312547508021,15.3566657706771,0.00707709270873433,0.0550243120049034,-0.304203890197822,0.316530056356668,0.0285832625753465,1.54140503440572,0.021174837274748,0.982822211227602,-0.947100351990314
-0.0118427746791381,0.039165887126431,-1.93161690005998,14.7183260523918,0.00720658953181832,0.054162084997875,-0.297621373587451,0.382087074127761,0.0232258580313101,1.50319904320372,0.0211946882558667,0.971256975064398,-0.940874707318793
-0.0178967435445736,0.0382582062652334,-1.91307738896504,14.8848188831152,0.00708311722710669,0.0550684826658354,-0.171457150554892,0.300262712945843,0.0252804200164961,1.50107464597623,0.0211525564249316,0.964692343007245,-0.939780972246309
-0.0178967435445736,0.0382582062652334,-1.91307738896504,14.8848188831152,0.00708311722710669,0.0550684826658354,-0.171457150554892,0.300262712945843,0.0252804200164961,1.50107464597623,0.0211525564249316,0.964692343007245,-0.939780972246309
-0.0178967435445736,0.0382582062652334,-1.91307738896504,14.8848188831152,0.00708311722710669,0.0550684826658354,-0.171457150554892,0.300262712945843,0.0252804200164961,1.50107464597623,0.0211525564249316,0.964692343007245,-0.939780972246309
-0.016604468289862,0.0394251226449286,-1.88614398577636,14.2570360994636,0.00709207084118335,0.0551588762525208,-0.132172525165614,0.280771899548872,0.0255121292635502,1.48443972492538,0.0210878366346192,0.961232204556548,-0.938499304108916
-0.0100658203663621,0.0393236450845967,-1.8583520629955,14.7673862301916,0.00712690384758899,0.055116509761773,-0.10724996895487,0.280204544447588,0.0270237718232631,1.49446668227007,0.0209362197278687,0.93338652837477,-0.9361944099661
-0.0267014147556232,0.0433113808669324,-1.86685522958104,13.445557314261,0.00687466232935269,0.0549202654059802,0.00847989798739912,0.28183758353109,0.0257591351313714,1.5049871363024,0.0209209841332958,0.951340980906735,-0.94057318052532
-0.0116357255787137,0.0429431389828183,-1.86595423384056,13.4030052903987,0.00692024242714957,0.0546486497198483,-0.072513737589469,0.257429675987938,0.0243123188415993,1.49943251613945,0.0208312339725897,0.941886729575336,-0.939354292736882
-0.0225042175140744,0.0475741647687376,-1.83903250439132,14.135327109862,0.00713738002428419,0.0538912932581484,-0.0824393528991908,0.301803858727009,0.0205968052379191,1.54231798825246,0.0208650609382892,0.939315932664756,-0.936381437320022
-0.0165678770870563,0.0491033714449623,-1.84914442103398,15.236547517691,0.00710682018163828,0.0535159459442802,-0.1979712419493,0.239178027929323,0.0324302487097939,1.56010246881822,0.020892639389028,0.950515496922815,-0.933889607048061
-0.0192407091562851,0.0468171996198103,-1.82933708062497,14.0571502672597,0.00727607192839476,0.0528553756121338,-0.00295023520813773,0.233162968271219,0.0266028289614831,1.58367303287926,0.0207843398025489,0.94511779004704,-0.93909579462501
-0.0192407091562851,0.0468171996198103,-1.82933708062497,14.0571502672597,0.00727607192839476,0.0528553756121338,-0.00295023520813773,0.233162968271219,0.0266028289614831,1.58367303287926,0.0207843398025489,0.94511779004704,-0.93909579462501
-0.0186142875893528,0.0468391288141529,-1.81966315953065,14.3293122018858,0.00728802716912252,0.0529472087751336,-0.0254698380204013,0.311345294405273,0.0241200291024136,1.59342696119009,0.0206768920166465,0.941472191973497,-0.940783720569486
-0.0186142875893528,0.0468391288141529,-1.81966315953065,14.3293122018858,0.00728802716912252,0.0529472087751336,-0.0254698380204013,0.311345294405273,0.0241200291024136,1.59342696119009,0.0206768920166465,0.941472191973497,-0.940783720569486
-0.0206262478964687,0.0480276961408739,-1.79654008432087,13.9551880358549,0.00709887472433621,0.0527763342183432,0.0313807283461385,0.326336847807285,0.0252733003650634,1.58581456466039,0.0206355836146159,0.910702200252406,-0.94321916904381
-0.0206262478964687,0.0480276961408739,-1.79654008432087,13.9551880358549,0.00709887472433621,0.0527763342183432,0.0313807283461385,0.326336847807285,0.0252733003650634,1.58581456466039,0.0206355836146159,0.910702200252406,-0.94321916904381
-0.0118855976174539,0.0454885671518361,-1.79791362865247,14.4689588693292,0.00699143880979251,0.050995166989993,-0.0849795230702853,0.171799401701843,0.024583211818891,1.56962397273394,0.0206023221962876,0.905271624879905,-0.947488732754343
-0.0118855976174539,0.0454885671518361,-1.79791362865247,14.4689588693292,0.00699143880979251,0.050995166989993,-0.0849795230702853,0.171799401701843,0.024583211818891,1.56962397273394,0.0206023221962876,0.905271624879905,-0.947488732754343
-0.0163485067580968,0.0454342073883454,-1.75475454698925,14.1448458832754,0.00688297989048219,0.0519291910655117,-0.0825210737235206,0.155246302312777,0.029412242260354,1.558464775772,0.0205421022807576,0.941481291970625,-0.947786039482263
-0.0125447048606084,0.0469964120623207,-1.7601394809342,13.5584921207334,0.00697229316358751,0.0520909713400542,-0.166168324066228,0.148276013290732,0.0270968465034477,1.56739994674396,0.0206631860559652,0.95894352063381,-0.947937294031123
-0.0122989624086894,0.0479455842003774,-1.71684393682153,13.0404121298531,0.00701162365056501,0.0511652985101957,-0.167401393750004,0.197987341241824,0.0262402064994444,1.56774293920142,0.0205496981580163,1.00862563151205,-0.948851172618229
-0.025351999842866,0.0504306048562779,-1.71187350514836,13.9957403680053,0.00708357435765051,0.051327840378852,-0.171157681939607,0.261332709874053,0.0210762155911371,1.57893870194746,0.020627699346391,1.01627361599015,-0.9485124837227
-0.0144406657587474,0.0458224585127124,-1.71846633605468,13.9349711331528,0.00707671940891993,0.0525028466867546,-0.446588228216871,0.246062276538209,0.0231869651998433,1.56669517044833,0.020727483472011,1.04756392230343,-0.951254171413233
-0.0205914292573321,0.0450347664981537,-1.74170999121045,13.7716580910361,0.00708943152400154,0.0525942418888747,-0.374330795230961,0.425744751275225,0.0244552860441399,1.61601834508202,0.0210738723219221,1.04392488353469,-0.94637999144786
-0.0198178695489881,0.0448347894168006,-1.73679690335034,13.4395179415423,0.00723910653619887,0.0525187844995291,-0.233858125604857,0.321413846865896,0.0271026261590764,1.56849364825205,0.021022450301805,1.03275754453763,-0.941371255236774
-0.00735937827209058,0.04381639339844,-1.73048250269947,13.979398277456,0.00732071411566879,0.052967760579788,-0.339685298560311,0.261189714806711,0.0242282353491536,1.56281334289944,0.0209891114888576,1.07619449727896,-0.941226475029852
-0.0142224750644874,0.0424247618693127,-1.76454689407013,14.4040540992961,0.00731982510831641,0.0510230903566152,-0.17227327931157,0.218987924765011,0.0281109441299116,1.56530046933719,0.0207114685231459,1.03443919876622,-0.946478873636419
-0.012401901396969,0.0423668278374958,-1.77936224301513,14.4009105247946,0.00723359153119795,0.0518106027809206,-0.174781098488893,0.225907595392069,0.0275403025624371,1.54366213290887,0.0208259721308685,1.03420265554537,-0.950130746769081
-0.0122873397580191,0.0390636926174573,-1.75287679443217,15.0618736290369,0.00736529806582405,0.0522486681407154,0.0577257606651159,0.219485967337572,0.0255741156545664,1.50123367205471,0.0205139554877558,1.01818428057351,-0.950466449979979
-0.0122873397580191,0.0390636926174573,-1.75287679443217,15.0618736290369,0.00736529806582405,0.0522486681407154,0.0577257606651159,0.219485967337572,0.0255741156545664,1.50123367205471,0.0205139554877558,1.01818428057351,-0.950466449979979
-0.0153567172087823,0.0384178735522753,-1.725247865003,15.3656040200166,0.00735134647572406,0.052351565687521,0.00558964351790844,0.183133369056885,0.0269539687042356,1.48240940085977,0.0203490436697646,0.999448353790839,-0.950611659229104
-0.0149239776489941,0.0367242060021363,-1.70710426904502,15.7544322467766,0.0072480286247971,0.0529043084504739,-0.0841766540036649,0.20765241823301,0.0246831048823725,1.52858125154883,0.0206483812456816,1.04253868587985,-0.949110570848539
-0.015237003718246,0.0362150783525712,-1.69747911072897,15.3833461630856,0.00734160011858163,0.0526384633079579,-0.0527078315535792,0.185692832620505,0.0262981722949029,1.5357817950681,0.0205664477853211,1.04759581914948,-0.947371140842931
-0.0151403736069529,0.0363237579672546,-1.69445455453091,15.3440092207154,0.00730036073392945,0.0525862331673839,0.0796211076780625,0.197999798058452,0.0278586237191396,1.49890610726171,0.0208993787100332,1.03770042375365,-0.949618272200454
-0.013517697496951,0.0405550843592168,-1.68942237651007,16.2096747635593,0.0074677708664013,0.0534342472770172,0.0569634626461647,0.158763728544494,0.0293734619901362,1.453388641487,0.0205718023300326,1.06045275379763,-0.947141788888504
-0.000256268138214201,0.0416530711097008,-1.70337093894312,16.2717765091064,0.00735940772165361,0.0524005002901121,-0.00505939275421467,0.205913352792348,0.024060058038226,1.47527574543668,0.0205524695290609,1.02905191450113,-0.949561374010513
-0.021430809471674,0.0436547144302063,-1.71799350561397,16.3429344142818,0.00750350432204829,0.0510637486260494,-0.00543513918038116,0.20222316311744,0.0251171201116999,1.53479806154882,0.0206724162825195,1.0256430415019,-0.949864220905166
-0.0124732898931644,0.0434744127361309,-1.71801041931224,16.153252252832,0.00759431526857064,0.0507768359279362,-0.0904835235593047,0.163098974782815,0.0261094793778722,1.51537558894887,0.0206450463782829,1.06345157896701,-0.948754586696856
-0.0145592421918786,0.041361865171024,-1.68712421286044,15.5962023150979,0.00757565742472364,0.0508891597959964,-0.0294664993900801,0.18590502213495,0.0264446854508636,1.49242362320151,0.020595936842252,1.06994545293279,-0.941404867709633
-0.018916811797689,0.040264903127885,-1.68235964334357,16.3854302728458,0.00773140839236377,0.0503819180550477,-0.139518906642637,0.198961147103293,0.0262473139417789,1.46528097565071,0.0204952154166909,1.05987290498558,-0.942826506837194
-0.014551166374335,0.0376430426553401,-1.70173778904651,16.1736140843077,0.00754356117202243,0.0495412656712862,-0.404906171460629,0.251685360471127,0.0245974391868978,1.46088867744728,0.0203419308393557,1.09956222891477,-0.946762556222092
-0.014551166374335,0.0376430426553401,-1.70173778904651,16.1736140843077,0.00754356117202243,0.0495412656712862,-0.404906171460629,0.251685360471127,0.0245974391868978,1.46088867744728,0.0203419308393557,1.09956222891477,-0.946762556222092
-0.0207683975798378,0.036244078890197,-1.69023367833551,16.4406748026326,0.00755686033085912,0.0509134333209979,-0.61812679162052,0.363185574239127,0.0245514476282505,1.4290016852634,0.0204609123220868,1.10332035664512,-0.945981662529383
-0.0123967547812384,0.0400540243334346,-1.68220810834133,16.6507951896574,0.00766835906051289,0.0506457651494227,-0.441102377884581,0.472876584584218,0.0236508563586173,1.49508371940161,0.0202813334181033,1.10312667808621,-0.941312657456307
-0.0152779128955886,0.0386856365654663,-1.68291071412818,15.931155477536,0.00809375399334857,0.0495769189437016,-0.46863260117153,0.469394887051819,0.0251989415397667,1.51122028541546,0.0200806859487414,1.08306139841803,-0.944881768475833
-0.0117754403931018,0.0380828043895242,-1.65101218988817,16.1695792168074,0.00817164998403738,0.0495181909988102,-0.394737007195407,0.446336253550618,0.0254316159805279,1.51753456171259,0.0201566269050198,1.0701398474727,-0.943804815068523
-0.00755785310779464,0.0407887437459762,-1.64995602820244,17.916696901509,0.00848850939526094,0.0502525836022554,-0.398916278424556,0.416710315301332,0.0247546958282634,1.49922703350518,0.0202652823665332,1.05990285953945,-0.945704119190433
-0.00699364461732929,0.040515164684497,-1.66921368690795,18.7628519377371,0.0085898221293183,0.0504395732170951,-0.352778022899094,0.354080616736314,0.0246105006146432,1.50269633040919,0.0202448757278281,1.04333380346587,-0.943480221506088
-0.017827872264209,0.0386296415823011,-1.66712926041635,17.9880428697325,0.00859300271710388,0.051111074783394,-0.45762300467309,0.345841528417082,0.0236139680457582,1.46858084634125,0.0200947036551982,1.05906412300674,-0.946670873699886
-0.0125160334643711,0.0395107958129023,-1.66076354682409,17.2704620451982,0.00848532706082184,0.0516757426071115,-0.371320517380492,0.29535550419344,0.0271689900879196,1.46412725224292,0.0199515875811897,1.07391448563437,-0.943970978586417
-0.016437054319528,0.0412407967777118,-1.68429486736247,18.0781033256309,0.0082950220426868,0.0523472467274883,-0.44926006444855,0.271426774249475,0.0279856780489937,1.4611303212371,0.019667531023061,1.07860155707902,-0.942624232649976
-0.016437054319528,0.0412407967777118,-1.68429486736247,18.0781033256309,0.0082950220426868,0.0523472467274883,-0.44926006444855,0.271426774249475,0.0279856780489937,1.4611303212371,0.019667531023061,1.07860155707902,-0.942624232649976
-0.0127846554236122,0.0415439923138401,-1.68761462965717,18.1771808475145,0.00815889764936799,0.0514973898766385,-0.537513778268383,0.340885233356634,0.0231052310822884,1.47444723758902,0.0197555011826256,1.11060819059222,-0.941618594043737
-0.0182778852378572,0.0400349794653169,-1.71826661208018,18.738745010846,0.00804398664582078,0.0510444990722437,-0.574412821204189,0.347539306880914,0.0230251428427285,1.45287193886277,0.0197592904459276,1.09862076081145,-0.941729828807446
-0.00873772837790981,0.0369288001087533,-1.70206369929107,19.4368342452636,0.00793897888621291,0.0501219273233697,-0.458718962280352,0.429828005044304,0.0247800277158051,1.45173951628501,0.0197120258816091,1.09932573562955,-0.943449781641095
-0.00172834177165237,0.0356707555954568,-1.70639175957064,18.9312197323865,0.00805480698013269,0.0497899087249513,-0.398253440580704,0.360312696927366,0.0257578410618187,1.44235397508555,0.0196476114190268,1.09811610891508,-0.941522011941683
-0.0160535429654793,0.0351742796699168,-1.71572950283878,20.9163236550396,0.00895983508624022,0.0492215866437502,-0.167922815026749,0.374507203773345,0.0211161461687519,1.47904305878784,0.0194745986065015,1.08300441125086,-0.942504852498945
-0.00142891844058865,0.0373473391355999,-1.69872655824364,19.8625564879268,0.00897237423688449,0.049361236915191,-0.12197195296281,0.308010119746899,0.0245387935068672,1.45219877754729,0.0193814885746556,1.0794988361834,-0.942667444125362
-0.0157261231082056,0.0402386135205212,-1.72468937936472,17.9902340295547,0.00888150940647104,0.0497091148703596,-0.155831411905049,0.176684761303085,0.0238236430599995,1.48887042874573,0.019540095168356,1.06708711622232,-0.93731601983481
-0.0157261231082056,0.0402386135205212,-1.72468937936472,17.9902340295547,0.00888150940647104,0.0497091148703596,-0.155831411905049,0.176684761303085,0.0238236430599995,1.48887042874573,0.019540095168356,1.06708711622232,-0.93731601983481
-0.0077209855947831,0.0395472772669137,-1.74832873523711,17.3076189599375,0.00869916943092237,0.0496950819546641,-0.0128960683113767,0.175067260626924,0.0303637584838454,1.47704311018842,0.0193794806179183,1.08187361413311,-0.936591345495259
-0.0206247649964108,0.040869020691768,-1.7569822142131,18.1644692019368,0.008767742254027,0.0491894803730511,-0.097573779660897,0.201719243441469,0.0309400880083141,1.44066823651066,0.0192786029637364,1.09017511926613,-0.934041260180154
-0.0159828886609507,0.0401528104398393,-1.74985671956995,18.3553357278836,0.00884128263653117,0.0491915914242539,-0.234916366554008,0.243412397683462,0.0250066883384678,1.45575244072656,0.0193642171276192,1.13822137205563,-0.929696156757839
-0.0159828886609507,0.0401528104398393,-1.74985671956995,18.3553357278836,0.00884128263653117,0.0491915914242539,-0.234916366554008,0.243412397683462,0.0250066883384678,1.45575244072656,0.0193642171276192,1.13822137205563,-0.929696156757839
-0.00892230059413648,0.0419663467790193,-1.74687010082723,18.4797544110679,0.0086001482052987,0.0492393655100695,-0.203856861648969,0.304742591258811,0.0234513553248385,1.44476500412773,0.0196507101068979,1.11901504364453,-0.931108625098293
-0.0141684446561705,0.0400557863648989,-1.73568384226298,17.9385511900259,0.00858795267139655,0.0503136684792156,-0.139808602369495,0.303067963349652,0.0228657740473326,1.43252766958894,0.0196095970391812,1.07533738894722,-0.924581000511027
-0.0141684446561705,0.0400557863648989,-1.73568384226298,17.9385511900259,0.00858795267139655,0.0503136684792156,-0.139808602369495,0.303067963349652,0.0228657740473326,1.43252766958894,0.0196095970391812,1.07533738894722,-0.924581000511027
-0.0131813410954662,0.0394032601998871,-1.74815593071778,18.3610979792639,0.00889136838405263,0.0502569286079261,-0.261843457610569,0.275007800149608,0.0243032123114578,1.46225000812013,0.0194120508975227,1.03837420556927,-0.922078883001027
-0.00914898350825603,0.037350143636095,-1.73754672902643,18.4272168568282,0.0087567322507894,0.0494417219989522,-0.231519475779452,0.310127572901744,0.0224234920273765,1.42964281019134,0.0191646804533481,1.02221262529061,-0.92025200350403
-0.00652185089921505,0.03785802606922,-1.72059755186716,18.7227213537108,0.00861167240768673,0.0495365971544011,-0.358546030689931,0.264788868976327,0.025793869598436,1.40445587169482,0.0190543309812718,1.01876129247558,-0.917795855351683
-0.0142210673770573,0.0392163451707647,-1.73649162109023,17.9386092129323,0.00860418870569599,0.0491261550940359,-0.443891213029874,0.225016969475853,0.0273792718706441,1.3873850346653,0.0192541358445792,0.983296888713012,-0.920396796260771
-0.0142210673770573,0.0392163451707647,-1.73649162109023,17.9386092129323,0.00860418870569599,0.0491261550940359,-0.443891213029874,0.225016969475853,0.0273792718706441,1.3873850346653,0.0192541358445792,0.983296888713012,-0.920396796260771
-0.0244725696591157,0.0424564694935106,-1.76950759413834,18.0460742920269,0.00861528187886012,0.0484657508825216,-0.354287808541368,0.245070374719256,0.0247328659172842,1.42731646400753,0.0190190810131774,0.981103814181161,-0.921604554247909
-0.00481537483083452,0.0401989121863228,-1.78662510158792,18.8125168795171,0.00851166403368094,0.0482824232228755,-0.334738808613755,0.248242859644012,0.0256973916450658,1.43578655129855,0.0188627894864958,0.995356442956884,-0.923215494019725
-0.0115648136053791,0.0372085597257131,-1.77471759398083,18.623166577721,0.00849775845347292,0.0487001506822317,-0.384368561345773,0.293327521016391,0.0227704737834466,1.44923645502396,0.0187907109342885,1.00326351307492,-0.926829001670772
-0.0115648136053791,0.0372085597257131,-1.77471759398083,18.623166577721,0.00849775845347292,0.0487001506822317,-0.384368561345773,0.293327521016391,0.0227704737834466,1.44923645502396,0.0187907109342885,1.00326351307492,-0.926829001670772
-0.0141002719449931,0.0375841966317936,-1.79315160050678,18.0676330837575,0.00864168590336864,0.0492209644344661,-0.31313114561392,0.297436474314391,0.0234879639137509,1.46024966612946,0.0189123847854904,1.01476705418748,-0.930120658203862
-0.0141002719449931,0.0375841966317936,-1.79315160050678,18.0676330837575,0.00864168590336864,0.0492209644344661,-0.31313114561392,0.297436474314391,0.0234879639137509,1.46024966612946,0.0189123847854904,1.01476705418748,-0.930120658203862
-0.0141002719449931,0.0375841966317936,-1.79315160050678,18.0676330837575,0.00864168590336864,0.0492209644344661,-0.31313114561392,0.297436474314391,0.0234879639137509,1.46024966612946,0.0189123847854904,1.01476705418748,-0.930120658203862
-0.0141002719449931,0.0375841966317936,-1.79315160050678,18.0676330837575,0.00864168590336864,0.0492209644344661,-0.31313114561392,0.297436474314391,0.0234879639137509,1.46024966612946,0.0189123847854904,1.01476705418748,-0.930120658203862
-0.0127308780554611,0.0361381057005782,-1.78762728997524,18.2202503721226,0.00874676352755866,0.0495157828971795,-0.338069241812614,0.281142161594098,0.0253092515489204,1.47575169420588,0.0189651297841296,1.0317905614865,-0.933646974302577
-0.00815190161874656,0.0371165460185348,-1.79817551712806,18.7765013027486,0.00871245059617905,0.0496533118862215,-0.350725541693663,0.246353663803113,0.0239862321125829,1.46492856660833,0.0190300477127593,1.02911805786547,-0.937701537337233
-0.0115679796702312,0.0393773170177324,-1.75854729789087,18.9117576210044,0.00876771223462721,0.0496477847321816,-0.35187388225197,0.289641022107543,0.0237763137632664,1.49580835824516,0.0188326341284502,1.01073633767132,-0.937736961198189
-0.0115679796702312,0.0393773170177324,-1.75854729789087,18.9117576210044,0.00876771223462721,0.0496477847321816,-0.35187388225197,0.289641022107543,0.0237763137632664,1.49580835824516,0.0188326341284502,1.01073633767132,-0.937736961198189
-0.0135027162519962,0.0392345256118678,-1.73541019463339,17.955759080864,0.00889975890383707,0.0502478540719248,-0.377490558545961,0.28806181047298,0.0220346383782472,1.49404110579616,0.0188676131224238,1.02612461792054,-0.936500733126113
-0.0135027162519962,0.0392345256118678,-1.73541019463339,17.955759080864,0.00889975890383707,0.0502478540719248,-0.377490558545961,0.28806181047298,0.0220346383782472,1.49404110579616,0.0188676131224238,1.02612461792054,-0.936500733126113
-0.00860787055268805,0.0405072162393189,-1.68386527130041,16.242592011587,0.0088790042297154,0.0498628146607554,-0.476171691381317,0.264669519596188,0.0269431745605596,1.53484656566611,0.0187807231543727,0.989906980763115,-0.938316756321803
-0.00830119736792085,0.0405578449157034,-1.66477714268151,15.4735649072271,0.00848018010782169,0.0503096770100567,-0.455860140167216,0.308302267574417,0.0255498995007552,1.47984964806883,0.0190459055864346,0.961657387702845,-0.927033545818453
-0.0123695102185148,0.0375433724740891,-1.66405132057262,15.324106124824,0.00857171771226724,0.0502955104499216,-0.482627341689135,0.255976723066614,0.0248649294698116,1.4819603209935,0.0193313819644049,0.954107859930197,-0.931184441910098
-0.0123695102185148,0.0375433724740891,-1.66405132057262,15.324106124824,0.00857171771226724,0.0502955104499216,-0.482627341689135,0.255976723066614,0.0248649294698116,1.4819603209935,0.0193313819644049,0.954107859930197,-0.931184441910098
-0.0123695102185148,0.0375433724740891,-1.66405132057262,15.324106124824,0.00857171771226724,0.0502955104499216,-0.482627341689135,0.255976723066614,0.0248649294698116,1.4819603209935,0.0193313819644049,0.954107859930197,-0.931184441910098
-0.00907344989906912,0.0386589383842733,-1.68145034165541,15.7586500619178,0.00865208572255458,0.0501970982021278,-0.439243678380353,0.22583640450578,0.0264025889193095,1.4665659924717,0.019499982787945,0.947095571382294,-0.930948582349553
-0.00984879365494563,0.0396934638919518,-1.64674752574882,16.4521973827302,0.00860899104065729,0.049710235340775,-0.528990853485072,0.216682630593429,0.0250995033671764,1.45249068651615,0.0195772784272872,0.975998514761094,-0.929829148465908
-0.00984879365494563,0.0396934638919518,-1.64674752574882,16.4521973827302,0.00860899104065729,0.049710235340775,-0.528990853485072,0.216682630593429,0.0250995033671764,1.45249068651615,0.0195772784272872,0.975998514761094,-0.929829148465908
-0.00984879365494563,0.0396934638919518,-1.64674752574882,16.4521973827302,0.00860899104065729,0.049710235340775,-0.528990853485072,0.216682630593429,0.0250995033671764,1.45249068651615,0.0195772784272872,0.975998514761094,-0.929829148465908
-0.010735727028932,0.0391798980420832,-1.63983360502277,16.3213704501928,0.00848704811484589,0.0504099160770491,-0.442001453174651,0.184292841871092,0.0284953606389282,1.42435630664463,0.0195084921549582,0.994141529057624,-0.93739942382725
-0.0139680708519023,0.0402286819773912,-1.57499851927918,17.4281614240916,0.00859195291587435,0.0504983354750138,-0.284735021480279,0.176899537882995,0.0241639907665386,1.45456115576332,0.0196318658585825,0.966453030902597,-0.937869413815577
-0.00955065461770013,0.0413244509974776,-1.57846124361315,15.9337180120676,0.00856452464498494,0.0501346363733113,-0.267851597410214,0.228462120070891,0.0277462776618329,1.43717667187221,0.0195643847127113,0.938348780372434,-0.936316337443915
-0.0210492201378138,0.0432980472199138,-1.57779766635047,17.185138906712,0.00853920590627091,0.0498965270387724,0.00764768758802418,0.265605109246616,0.0244463890704354,1.43490142467526,0.0197824665016182,0.912515312217391,-0.931774302575704
-0.00933147672026794,0.0436705165082632,-1.58408499217439,17.9243938485993,0.0085534948652534,0.0498505156498078,0.108509505633138,0.240725268552205,0.025596431255767,1.45426433920171,0.0197915180399365,0.911826012125144,-0.935090075180123
-0.0146669534744832,0.0459550229560613,-1.55253432618124,16.6191866049309,0.00865453707320405,0.0495844570050801,-0.152613825714087,0.275090026620783,0.0273918486782735,1.48679061597925,0.0196824094881624,0.938311201356623,-0.93084320425907
-0.0171419633023289,0.0443291688184209,-1.54195727695673,16.5094695687464,0.00861148311314636,0.0492528496199646,-0.0205323405129258,0.325850914253527,0.0225317027009464,1.49240749600901,0.0196167939273048,0.957641325562073,-0.929405294540427
-0.00985444078622461,0.0454978693401477,-1.52932796805316,16.622931549808,0.00872369040029932,0.0490204657295265,-0.0118292540626672,0.314304960376593,0.0252532852496871,1.49911676533183,0.01947972574952,0.958196705590015,-0.929292987222623
-0.0151680523736828,0.0467709517209625,-1.52749398081995,17.6198956356062,0.00889280712817256,0.0490516375476425,-0.137227193444017,0.264890528320107,0.0272822200648602,1.49633296770324,0.0193853961493536,0.998063174421684,-0.926755172816162
-0.0177596967838786,0.0505815005477672,-1.51672551044754,18.1636705235679,0.00916144506872682,0.0484713545578438,-0.139303393637705,0.289084362205534,0.0254674544007797,1.45276685159513,0.0194238818668125,0.989583021415674,-0.92812838696201
-0.00826086908088557,0.0510377117987823,-1.53740175475597,18.5541095204288,0.00928882080222332,0.0486806291011539,-0.0116003738351161,0.260556394890671,0.0266227386001047,1.47208491502517,0.0194476542706929,0.982630088797465,-0.921561299945185
-0.00388039846977295,0.046192770954022,-1.53398898206185,19.2370082843899,0.00927238426727478,0.049402660045416,0.288831516762755,0.214629555629878,0.027274359687606,1.48905320335501,0.0194365556991155,0.982800961476576,-0.89878798324634
-0.00820436142741895,0.0435467360765287,-1.54643864568688,18.9819909591866,0.00909203474637486,0.049129592505827,0.0915796881338522,0.243696769870609,0.0260025142416354,1.4631786359949,0.0194148624552693,1.00434686713673,-0.894490022629047
-0.0128552228992972,0.0449809705764663,-1.54443582800629,18.8686203288156,0.0091744351549573,0.050043987864152,0.0316667571081748,0.200319863224156,0.0260296352749184,1.433393016751,0.0192623113801406,0.996009615925132,-0.888972204686489
-0.0128552228992972,0.0449809705764663,-1.54443582800629,18.8686203288156,0.0091744351549573,0.050043987864152,0.0316667571081748,0.200319863224156,0.0260296352749184,1.433393016751,0.0192623113801406,0.996009615925132,-0.888972204686489
-0.0104556789442259,0.0419438392921817,-1.6059132346014,19.2623110520227,0.00882394062311912,0.0494047766535578,-0.318728408676273,0.229481226912207,0.0254383273271035,1.4375471217254,0.0192711443080562,1.01961777792547,-0.896901833998747
-0.0104556789442259,0.0419438392921817,-1.6059132346014,19.2623110520227,0.00882394062311912,0.0494047766535578,-0.318728408676273,0.229481226912207,0.0254383273271035,1.4375471217254,0.0192711443080562,1.01961777792547,-0.896901833998747
-0.0116624444407543,0.0443117355688528,-1.62502111816214,18.7265343558614,0.00920511357714202,0.0497152391159359,-0.341586143762355,0.256608016686947,0.0224184093461608,1.41397500097389,0.0190821096481544,1.06726275812289,-0.891401074947807
-0.0124946835870384,0.0447915995879492,-1.63539067724099,18.6748943446655,0.00916342075350861,0.0494429369081632,-0.337029534287216,0.359084499902838,0.0212585753734112,1.44791013777547,0.0192958500083242,1.06953463567968,-0.895544757496633
-0.0166292033287838,0.043526831560171,-1.6188834756727,18.6162745277122,0.00904945451128351,0.0494395131511166,-0.289921488477727,0.289977434357672,0.0228812160495639,1.45574674361785,0.019469735073531,1.05775295519667,-0.893793758035936
-0.0183320230703299,0.040667578756717,-1.60167457299793,19.2700372706084,0.00924400774887622,0.0493959600989385,-0.383220976042238,0.346475684426038,0.0230369569041656,1.48111670567831,0.0196006264415049,1.08394122852948,-0.889491203591885
-0.0183320230703299,0.040667578756717,-1.60167457299793,19.2700372706084,0.00924400774887622,0.0493959600989385,-0.383220976042238,0.346475684426038,0.0230369569041656,1.48111670567831,0.0196006264415049,1.08394122852948,-0.889491203591885
-0.0183320230703299,0.040667578756717,-1.60167457299793,19.2700372706084,0.00924400774887622,0.0493959600989385,-0.383220976042238,0.346475684426038,0.0230369569041656,1.48111670567831,0.0196006264415049,1.08394122852948,-0.889491203591885
-0.0142096252729003,0.0402214695692065,-1.5833512932697,19.1391396554196,0.00903737598522098,0.0491055390964001,-0.296618780281259,0.289681142942792,0.0226167859207981,1.46110326124714,0.0196244140378189,1.08164016193905,-0.892702510550466
-0.0142096252729003,0.0402214695692065,-1.5833512932697,19.1391396554196,0.00903737598522098,0.0491055390964001,-0.296618780281259,0.289681142942792,0.0226167859207981,1.46110326124714,0.0196244140378189,1.08164016193905,-0.892702510550466
-0.0136496279773325,0.0416238996415555,-1.56052706252013,18.96975061896,0.00859472724171339,0.0491087591204106,-0.37676948173038,0.342842962984017,0.0215437525576894,1.46246685453308,0.0197622363594607,1.07923468190924,-0.896352284810568
-0.0166952407674723,0.0421266078970909,-1.57741999878251,18.5134493106525,0.0085962542934435,0.0492249072728609,-0.349984749162134,0.324426010267374,0.0245934980583443,1.48293997448422,0.0197813955395142,1.08978869561226,-0.906953083379235
-0.0232688933396875,0.04395253547452,-1.58005308877218,18.1057802739334,0.00845600691286832,0.0489791602542364,-0.3347760081765,0.264413200111483,0.0235165310434333,1.44802949031861,0.0198324803725978,1.07384177399041,-0.903144374621699
-0.0208757683811861,0.0460764573885392,-1.57402993911429,16.2848822805069,0.00868557864462689,0.049799127815087,-0.352154740673129,0.270014199614457,0.0272076886821037,1.45990666314042,0.0197748234372243,1.03944884339088,-0.908013484388498
-0.0153145597248674,0.0483603422673665,-1.5712431482563,15.701278059319,0.00842277130519366,0.0494223807066117,-0.432518354094251,0.273751856712302,0.022684367080831,1.5004516110629,0.0199231958516329,1.05173484694902,-0.916660341712319
-0.0192864266224445,0.0485128572640072,-1.55914524085491,16.0436967696094,0.00837379496075346,0.0500064341369883,-0.309672106030546,0.316991454677181,0.0230910972741328,1.48564668262342,0.0197555351415941,1.06970700471919,-0.918679244869724
-0.0106767758732345,0.0477008280954346,-1.5469811709605,18.0809262033204,0.00847109018821836,0.0493929570086173,-0.273129282954535,0.333224786193039,0.0241094211863744,1.4814684687021,0.019641555078503,1.09323572230547,-0.922527876731837
-0.0178862742431742,0.0466645434727087,-1.54410734070539,17.8151292953933,0.00875948824904096,0.0491365160727999,-0.223815775033145,0.330720015353064,0.023023621417188,1.50574974764807,0.0196996271001337,1.10979416161689,-0.917254090604504
-0.0109871974238632,0.0463466450245725,-1.5152751440268,18.5032590905332,0.00920199475452917,0.0493207948406172,0.00501238398072048,0.37801110174877,0.0245238997729285,1.41776064317849,0.019673034020808,1.06802568492671,-0.91630120432176
-0.00840686327353737,0.0439700470575029,-1.51299050627728,18.3051250214211,0.00925120658985917,0.0490749102957543,-0.00439668764011125,0.304737862392491,0.023370550559495,1.44523699295208,0.0195500071019356,1.06421791951098,-0.917391806328688
-0.0127222437541109,0.0398754266208703,-1.50611395547489,17.9544276041268,0.0093086285681026,0.0490514381580389,0.242102266959031,0.239466229105043,0.0217384214769606,1.43836537513207,0.0194140701818634,1.1793248287094,-0.922451352149706
-0.00744131171910992,0.0391360073756206,-1.48309950395988,16.6175623034018,0.00905858409413964,0.0489252430916035,0.0755870010416146,0.23383111802831,0.0254074818396345,1.44002072659851,0.0195370505773544,1.18532034945158,-0.914795023300674
-0.0258556023001055,0.0437418991949214,-1.5085980950199,13.8521792819396,0.00838195774342229,0.0490917408552617,0.176312852507561,0.218999510931988,0.0273736121761666,1.46880851204674,0.0192138364118069,1.17398361402975,-0.919838896693249
-0.0258556023001055,0.0437418991949214,-1.5085980950199,13.8521792819396,0.00838195774342229,0.0490917408552617,0.176312852507561,0.218999510931988,0.0273736121761666,1.46880851204674,0.0192138364118069,1.17398361402975,-0.919838896693249
-0.0116240034260039,0.0465024462725476,-1.47202418410979,12.7510347260048,0.00824151689910108,0.0490828691636414,0.384194529038526,0.323219355011176,0.0207648304504693,1.53411815714015,0.0190183039623931,1.19374325459745,-0.92417022780613
-0.0148333259144479,0.0477687841058062,-1.4388503012957,12.36401712994,0.00833026021968333,0.0485527094975562,0.272899893901247,0.42781803733255,0.0217249159281663,1.5359898196303,0.0190345693088226,1.21424729408888,-0.924072549746362
-0.0261962550512383,0.0499902404192766,-1.4429592835708,12.8729290185464,0.00824599408073047,0.0485258531579521,0.220933810012415,0.366175659245646,0.0255865428949379,1.5553820132683,0.0190423791797419,1.19444115037609,-0.92593647970092
-0.0243193751528415,0.0493945859831522,-1.43468847685263,12.5250737195264,0.00848119955592014,0.0483220365063701,0.302703217597285,0.368570755776468,0.0231664880884324,1.55324433598841,0.0191337605582099,1.19989664461325,-0.927256316223472
-0.0141711553947589,0.0493842297369744,-1.48273195721168,12.7134363780462,0.00844944515891846,0.0484563809831875,0.177820722051494,0.359738673514034,0.025832256289885,1.51970974114648,0.0192555913858909,1.19120010491933,-0.918182061945586
-0.0180830880758569,0.0472408101673748,-1.45811513332332,13.3103128947942,0.00845085493731061,0.0481539373799012,0.191027010264986,0.33811557651873,0.0194353116762939,1.51464088066724,0.0191306739550881,1.17782074229387,-0.918000876890713
-0.0188814062158959,0.0466320264002705,-1.44953558709376,13.416555204449,0.0085071169170909,0.0474546013270463,0.263891270843063,0.299276589760106,0.0246668741392379,1.50853865283553,0.0192397932591429,1.13482501050396,-0.921750674054998
-0.0188814062158959,0.0466320264002705,-1.44953558709376,13.416555204449,0.0085071169170909,0.0474546013270463,0.263891270843063,0.299276589760106,0.0246668741392379,1.50853865283553,0.0192397932591429,1.13482501050396,-0.921750674054998
-0.0188814062158959,0.0466320264002705,-1.44953558709376,13.416555204449,0.0085071169170909,0.0474546013270463,0.263891270843063,0.299276589760106,0.0246668741392379,1.50853865283553,0.0192397932591429,1.13482501050396,-0.921750674054998
-0.0211121822384582,0.0467032727454721,-1.43124628486005,13.813969827638,0.0084063609119533,0.0477488500118653,0.291680735352243,0.304485791822624,0.0229709338101443,1.49789320436518,0.0191442215377087,1.14963749260655,-0.928794621083583
-0.0212173398250682,0.0468774922668065,-1.4631491598487,13.9360628673975,0.00853754581372438,0.0477789941377217,0.328571435341343,0.293357810106856,0.0258682186048866,1.4971138771527,0.0192735725850998,1.16244456649696,-0.930858826096184
-0.00826222583667866,0.0514670550315509,-1.46534860235559,14.2460456284753,0.00837558609408485,0.0474128024133139,0.377299424041509,0.335818006781671,0.0223241560225152,1.48777751062527,0.0193507488253081,1.14485019173713,-0.929857638704753
-0.0228035588723253,0.0524657347468219,-1.48197548493985,14.4250269226832,0.00830112032327945,0.0486975634415359,0.428144324753203,0.304376160595536,0.0223079839311764,1.51619643710445,0.0192813811384862,1.14221344228572,-0.936623934438216
-0.0228035588723253,0.0524657347468219,-1.48197548493985,14.4250269226832,0.00830112032327945,0.0486975634415359,0.428144324753203,0.304376160595536,0.0223079839311764,1.51619643710445,0.0192813811384862,1.14221344228572,-0.936623934438216
-0.0220846626298315,0.0501397108684265,-1.48789961678895,14.863518215523,0.0082085444398368,0.0482716966384437,0.531005489599321,0.411024650222834,0.023771567021278,1.49998595364773,0.0192889992427579,1.11693139092499,-0.940787105623409
-0.0220846626298315,0.0501397108684265,-1.48789961678895,14.863518215523,0.0082085444398368,0.0482716966384437,0.531005489599321,0.411024650222834,0.023771567021278,1.49998595364773,0.0192889992427579,1.11693139092499,-0.940787105623409
-0.0190524658613049,0.0468172840375795,-1.47054626979638,15.3883772947721,0.00857726708574432,0.0487223509269774,0.539975843243251,0.446445036869219,0.0231454157825412,1.50472350407984,0.0188628969502538,1.12066097546844,-0.93199835054428
-0.019939880049401,0.0463215134679303,-1.47524940659623,16.1604395080243,0.00845832488403499,0.0485376354028966,0.537015997471082,0.419402980246989,0.0206382127190795,1.49830327464101,0.0188437058583399,1.1246751485909,-0.935399722524654
-0.0129946527235359,0.0451690798824985,-1.43879478033237,17.8636222595556,0.00904844195760677,0.0488368268808785,0.73751842351448,0.359488691829781,0.0215499469713645,1.51756805821965,0.0187917823955179,1.18205618627886,-0.917525332252483
-0.011066788580984,0.0445811046229863,-1.44399808831007,17.4156564767029,0.00919254681626408,0.049571591835445,0.728290267421331,0.349357503983003,0.0195528666516663,1.51995783682615,0.0188153697012467,1.12548780940177,-0.914276308570397
-0.00653531895134365,0.0451169125387126,-1.42802586659505,17.0705343963503,0.00920384439202212,0.0503435099057185,0.748517265952807,0.270500953555262,0.0269794569379405,1.51855645597003,0.0188462427996059,1.13512494223683,-0.91637964543164
-0.0122690961612153,0.0449021629893186,-1.40876106947318,17.5690830587567,0.00910293657687137,0.0499481871368791,0.727420407886215,0.261941512389051,0.0284109538164587,1.53470018938751,0.0188986704183641,1.14346245047986,-0.919509097658068
-0.0148212280468756,0.0436657238355544,-1.40488428053037,17.4615016325144,0.0090760184424588,0.0493090858324368,0.678291315765696,0.252905951572793,0.0219974554040435,1.55039568462588,0.0189823690600498,1.14863247708786,-0.922614602890048
-0.0148212280468756,0.0436657238355544,-1.40488428053037,17.4615016325144,0.0090760184424588,0.0493090858324368,0.678291315765696,0.252905951572793,0.0219974554040435,1.55039568462588,0.0189823690600498,1.14863247708786,-0.922614602890048
-0.0115148105393161,0.043581381600252,-1.41366928893079,17.2387230836815,0.00911236758317522,0.0483322887847489,0.65789607022642,0.257339151868331,0.0250021009039495,1.51108579992975,0.0187586391426873,1.16052813823839,-0.925149303843742
-0.0115148105393161,0.043581381600252,-1.41366928893079,17.2387230836815,0.00911236758317522,0.0483322887847489,0.65789607022642,0.257339151868331,0.0250021009039495,1.51108579992975,0.0187586391426873,1.16052813823839,-0.925149303843742
-0.0115148105393161,0.043581381600252,-1.41366928893079,17.2387230836815,0.00911236758317522,0.0483322887847489,0.65789607022642,0.257339151868331,0.0250021009039495,1.51108579992975,0.0187586391426873,1.16052813823839,-0.925149303843742
-0.0115148105393161,0.043581381600252,-1.41366928893079,17.2387230836815,0.00911236758317522,0.0483322887847489,0.65789607022642,0.257339151868331,0.0250021009039495,1.51108579992975,0.0187586391426873,1.16052813823839,-0.925149303843742
-0.0179544284031374,0.0440654618210261,-1.42839727369061,17.5014257875291,0.00906072128653663,0.0483432242269748,0.698332532162669,0.231256019029675,0.0260448901634691,1.51352401296293,0.0186523848488475,1.16514166225162,-0.920955743722286
-0.0179544284031374,0.0440654618210261,-1.42839727369061,17.5014257875291,0.00906072128653663,0.0483432242269748,0.698332532162669,0.231256019029675,0.0260448901634691,1.51352401296293,0.0186523848488475,1.16514166225162,-0.920955743722286
-0.0193771452772923,0.0417758711503979,-1.46256009679861,17.041327214453,0.00876807158237278,0.048307427200358,0.69129455954339,0.258491787072529,0.0248196226802828,1.44898889070007,0.0188009976562175,1.17384855849251,-0.919672065647824
-0.0193771452772923,0.0417758711503979,-1.46256009679861,17.041327214453,0.00876807158237278,0.048307427200358,0.69129455954339,0.258491787072529,0.0248196226802828,1.44898889070007,0.0188009976562175,1.17384855849251,-0.919672065647824
-0.0136314267406466,0.0483703917314631,-1.47778349143136,18.5807352264172,0.00861745456617896,0.0486802490298022,0.695254035843914,0.272171962667029,0.0211494889407032,1.46421391286039,0.0189180950377798,1.16825189120245,-0.930881105525789
-0.0265830596170682,0.0504551381540468,-1.46350378073268,18.1528284637328,0.00847215075211212,0.0491552267647136,0.693317346740632,0.280554597276091,0.0228608089075907,1.43425516741762,0.0191003258103368,1.09001032793116,-0.92789549855997
-0.0255933583356045,0.0512969127344172,-1.46288819489006,17.6897611858281,0.00836813871236856,0.0498601386480776,0.687224752284358,0.321323454253745,0.022480566885101,1.46219458547244,0.0192660432017003,1.06684530679671,-0.930172808596422
-0.0211609458137438,0.0575046511524709,-1.44359822509029,16.8816404080604,0.00842130915526832,0.0498363625572328,0.658349897878848,0.319582744229886,0.0291261968665615,1.47275351270881,0.0192585454580566,1.03533780864665,-0.935217803811299
-0.0169249332176104,0.0562250610899904,-1.42294862331613,16.6135094151386,0.00826075255034326,0.0496603439325723,0.663891461432072,0.336637609803186,0.0253075013211316,1.46586154316147,0.0191892073150504,1.03480223803926,-0.933492942224999
-0.0169249332176104,0.0562250610899904,-1.42294862331613,16.6135094151386,0.00826075255034326,0.0496603439325723,0.663891461432072,0.336637609803186,0.0253075013211316,1.46586154316147,0.0191892073150504,1.03480223803926,-0.933492942224999
-0.021863496892251,0.0559249801176475,-1.44623858722025,18.0768995625873,0.00833260338196877,0.0487875176082953,0.766981682222215,0.259211075694426,0.0232299931119115,1.4223788047433,0.0188880464579387,1.04218691492578,-0.934897563769197
-0.0135710683545918,0.0549079430992133,-1.45933992804736,18.3364446052565,0.00828281925297668,0.0491600642987383,0.756443209111498,0.308340579729681,0.0241797487616949,1.4209772340164,0.0189181404334743,1.03030438455323,-0.935384350222866
-0.0155880311800779,0.0540991977758644,-1.43656524064961,19.0519989708173,0.00849477606742251,0.0491236076721835,0.739290483569835,0.307110904842208,0.0238696376293837,1.43920538278982,0.0188624231713511,1.01104657631385,-0.940560686525759
-0.0218796021415635,0.0556665459696251,-1.44177504114928,18.3393190035698,0.00854205454961177,0.0493336798269117,0.664070923968166,0.28778436631415,0.0243842418152825,1.44971240634088,0.018977021103124,1.00989559957758,-0.941470612820896
-0.0245459518959943,0.0590627134374552,-1.45999362442383,18.1434419643362,0.00858769042701418,0.049339104741183,0.666877409024472,0.303434911942338,0.0234891910135221,1.49298539242397,0.0195543572875936,1.06769679472824,-0.945279818375334
-0.0245459518959943,0.0590627134374552,-1.45999362442383,18.1434419643362,0.00858769042701418,0.049339104741183,0.666877409024472,0.303434911942338,0.0234891910135221,1.49298539242397,0.0195543572875936,1.06769679472824,-0.945279818375334
-0.0227053577626658,0.056325491437245,-1.44656538888967,17.9557378499497,0.00863498147965009,0.0493343147309585,0.533838352230582,0.294854480689676,0.0223833154219153,1.50476532843827,0.0194337258609794,1.08669868068206,-0.943948125390784
-0.0203899688532922,0.0563771490583743,-1.45494796808052,17.217600419602,0.00850823779894809,0.0492477516294603,0.563906993907072,0.270363599246015,0.0233940313934274,1.519553747634,0.0195289270855576,1.09783693495098,-0.944248333288224
-0.0311318901702154,0.0630019075081003,-1.49075503212402,17.7566694102845,0.00847991404974898,0.0486710036977428,0.401989580738489,0.271705513990532,0.0231601184518388,1.51491950274581,0.0192639998113865,1.19165225876948,-0.944265920988047
-0.0220209760607161,0.0625148040387314,-1.49981768507927,17.2676403688241,0.00853042814155298,0.0480919782153629,0.467786020773027,0.238653331679855,0.0287209515770428,1.53101585310933,0.0192666683830845,1.22703214348836,-0.946008936362515
-0.0220359071032562,0.0618540955929612,-1.5084296973768,18.7204038234725,0.00871693164821175,0.0486814772905656,0.460872443238443,0.270725283097722,0.0259800988571353,1.55212354164145,0.0189057770453867,1.16303154132321,-0.951973834283177
-0.0253373513265696,0.0601896614383426,-1.49626781463418,18.4483948532875,0.00833115411351324,0.0472444960413542,0.475881684542131,0.219097195021353,0.0281142946560483,1.53151900735126,0.018731590991366,1.19088867255057,-0.949677739508126
-0.021034128837602,0.0622831083189676,-1.47346113889377,16.8036365708408,0.00862611120810431,0.0477956945650389,0.59280633786197,0.175536430426677,0.0241640572454815,1.49597586111254,0.0186067228374144,1.16890614403127,-0.957453539305685
-0.0188800375310355,0.0593982791230376,-1.49267905583308,15.5624365829245,0.00871767292337429,0.0479642771965534,0.61479060553911,0.273845792263598,0.0276678044886624,1.50185801810531,0.0186701476690912,1.16949583663021,-0.956061656469971
-0.0187754755210313,0.0568788997891936,-1.47809818815258,14.6620724842394,0.00872854745177747,0.0472518332247916,0.575244155997703,0.254405746145074,0.0299807091833153,1.51902660495901,0.0189126573170835,1.17744864546268,-0.962591237093001
-0.0105574828038999,0.0610005742163137,-1.49675407456168,15.5855473646532,0.0089130751885775,0.0477280637733828,0.589390055923398,0.146515050344394,0.0238334545870125,1.51167034439535,0.0189674858860758,1.15569693980904,-0.956593833504653
-0.0275297500883473,0.052996188798197,-1.4723480753475,14.5169770517334,0.00905474502818298,0.0467263675723416,0.411966113387865,0.152206306128416,0.0259231445307226,1.48462036220587,0.0191255549043399,1.13040069368564,-0.94935411756301
-0.0166797542303832,0.0510077398473051,-1.47798356797127,14.0752076827463,0.00907090972875166,0.0467409851004881,0.417293244540517,0.138453714460731,0.0257604675317821,1.49146926487069,0.0192423550835465,1.13876801113729,-0.950640497709753
-0.0166797542303832,0.0510077398473051,-1.47798356797127,14.0752076827463,0.00907090972875166,0.0467409851004881,0.417293244540517,0.138453714460731,0.0257604675317821,1.49146926487069,0.0192423550835465,1.13876801113729,-0.950640497709753
-0.0078713066262763,0.049568928180117,-1.50086880636513,15.2628189317484,0.0091718324314444,0.0470331541516205,0.354697455078223,0.123685097757146,0.0283986445830408,1.47559171798114,0.0196821215494579,1.19514788520208,-0.951868094685172
-0.00507035054925548,0.0477779123756191,-1.4802715944199,14.7801629281948,0.00900963931938349,0.046911752196113,0.308709572700705,0.188906568049827,0.0301456331889817,1.47606966317862,0.0196889706975732,1.19761288039493,-0.948202849516491
-0.0137984074064113,0.0517393871113603,-1.5195170420604,16.023449225908,0.00885107031527039,0.0476006330021484,0.356247087145585,0.258216633773414,0.0283010551440598,1.49037274935197,0.0197174998655179,1.2460697312403,-0.940312024524075
-0.017042899806511,0.0533248575884249,-1.4999938734232,17.7172492816611,0.00883817114998549,0.0474642419910834,0.5134212339155,0.246650760070856,0.025252641656786,1.4610990254493,0.019761929731763,1.26112941511646,-0.936941312614605
-0.017042899806511,0.0533248575884249,-1.4999938734232,17.7172492816611,0.00883817114998549,0.0474642419910834,0.5134212339155,0.246650760070856,0.025252641656786,1.4610990254493,0.019761929731763,1.26112941511646,-0.936941312614605
-0.0164907552160191,0.0572049481181171,-1.51077987837042,17.6844922528106,0.00893991855439691,0.0482488777590839,0.500202745291655,0.216129444056245,0.0243370726561163,1.45849621017434,0.0199485523334784,1.23702881603751,-0.94326594153427
-0.0164907552160191,0.0572049481181171,-1.51077987837042,17.6844922528106,0.00893991855439691,0.0482488777590839,0.500202745291655,0.216129444056245,0.0243370726561163,1.45849621017434,0.0199485523334784,1.23702881603751,-0.94326594153427
-0.0219697928780042,0.0624040441609348,-1.50175589935378,17.2532702454093,0.00853106353511833,0.0484483860916377,0.398941873257905,0.209135549949824,0.0218645384520957,1.43970362711605,0.0197261971654117,1.24722387531267,-0.93980527127836
-0.0164711625292142,0.0699169861978788,-1.50523288303845,18.562811524835,0.0085684844250975,0.0482466920179027,0.432387154818699,0.251683387915177,0.0279892211358621,1.44145587185838,0.0194162965194461,1.27806308070932,-0.942019604992989
-0.00969446678125936,0.0701707654024158,-1.52500706211603,19.9774995570028,0.00852528932903193,0.0495162835059947,0.369933151833164,0.292781055531638,0.02509928309195,1.45118193369605,0.0192846263311713,1.24759770441375,-0.942287725949798
-0.0170020833727332,0.0694774267078268,-1.5118435546642,20.9369589684863,0.00852055537023786,0.0490343589852504,0.43167438909601,0.284102449625694,0.0255633936676338,1.45075359191296,0.0193410893357073,1.21133485100445,-0.940421576037947
-0.0222793238658861,0.0696196773723488,-1.51925420191464,23.079563837793,0.00858595027577666,0.0503856210422981,0.362097467506522,0.229675926066455,0.0233052663402403,1.4397542879103,0.0192845357985699,1.29513555710143,-0.942437912144783
-0.0222793238658861,0.0696196773723488,-1.51925420191464,23.079563837793,0.00858595027577666,0.0503856210422981,0.362097467506522,0.229675926066455,0.0233052663402403,1.4397542879103,0.0192845357985699,1.29513555710143,-0.942437912144783
-0.0281196118736249,0.0732969344830701,-1.4860856727716,23.9862696709449,0.00860728176401628,0.0502387038436915,0.257502189454172,0.251387351954969,0.0269555999122815,1.46826961141922,0.0193248605723089,1.24373924077297,-0.945217299048595
-0.0274495898812419,0.0737089833693233,-1.50623170434366,24.3180671188455,0.0089839733957787,0.0513029959202968,-0.0591283222319575,0.258727016321661,0.0254571441366484,1.54399577162356,0.0191297505631012,1.18484208813161,-0.941867780248637
-0.0289466475897271,0.0759327169181275,-1.49457849846889,25.1125777993221,0.0090107181652207,0.0510960055950231,0.0753729958490815,0.275262310794351,0.0242703331233599,1.52726470023456,0.0191460755522777,1.16384812370284,-0.940298754573695
-0.0237891154510438,0.081583066952603,-1.52092633506978,23.7470792307042,0.00889436012168049,0.0510815698652559,-0.0184177545463194,0.187603054948793,0.0260990762393243,1.50480774495928,0.0192468930966791,1.12321691122019,-0.945095714849528
-0.0300183026722024,0.0825193733495534,-1.53110518832375,22.706587838859,0.00889991138405177,0.051891344609634,0.0484253849110212,0.292357071345576,0.021534331110755,1.49323579075356,0.0191816084796913,1.11175942012468,-0.939791901469648
-0.0258378492210434,0.0740992131756412,-1.48456221491402,22.3001350672801,0.00873191189612164,0.0516336804692003,0.129352754730247,0.282433597865058,0.0211934357529234,1.50116558629909,0.0192371436975242,1.1106276589961,-0.941337269473363
-0.0174237962222194,0.0725460866268043,-1.47580045356576,22.2918747917363,0.00876708149466813,0.0522573314896841,0.170245860075364,0.316279637856446,0.0232797538490009,1.49428986673767,0.0190114537789171,1.10529164321192,-0.941720417227145
-0.0195432411568265,0.0703595331680028,-1.46069469668922,22.7733585595671,0.00875761117505646,0.0514123227375514,0.206509211502269,0.390261929735567,0.0201130171595814,1.47238125501921,0.0190390424374788,1.10412835263614,-0.940829232345517
-0.02584034979321,0.0676185916313349,-1.47014408589509,23.4948181884895,0.00869047948963319,0.0509557319366011,0.206179541870862,0.413395576761559,0.0201162610718443,1.43157189291582,0.0188368752797364,1.08805206408869,-0.944645256644952
-0.02584034979321,0.0676185916313349,-1.47014408589509,23.4948181884895,0.00869047948963319,0.0509557319366011,0.206179541870862,0.413395576761559,0.0201162610718443,1.43157189291582,0.0188368752797364,1.08805206408869,-0.944645256644952
-0.0224611730549168,0.068203977768236,-1.50601396791017,22.8547521738862,0.0086454425556603,0.0496572572411993,0.321226068555502,0.24369092986371,0.0274505967908491,1.3934548742202,0.0186811926946988,1.13492157833508,-0.943669109364309
-0.0224611730549168,0.068203977768236,-1.50601396791017,22.8547521738862,0.0086454425556603,0.0496572572411993,0.321226068555502,0.24369092986371,0.0274505967908491,1.3934548742202,0.0186811926946988,1.13492157833508,-0.943669109364309
-0.0224962392020001,0.0674248547860513,-1.51443649309375,23.342817529338,0.00834437576652553,0.0497125067636185,0.350749631768773,0.258061786567415,0.0212167733663715,1.40874263919926,0.0187620294140523,1.14633388226523,-0.947835497430279
-0.01645081406457,0.0675511389911778,-1.47935997860101,22.6723985974614,0.00842569054650688,0.0501004992567229,0.459709999267243,0.23750650028122,0.0220842078211473,1.40477125507507,0.01858222733745,1.17765667169419,-0.939781585218997
-0.0232511376709983,0.06698632305503,-1.47425095498133,22.5211975123388,0.00852845982522223,0.0506868240657537,0.48616747050544,0.227904610118569,0.0273940276276184,1.40094472293448,0.0186379478603359,1.2271123978799,-0.944806800345251
-0.0278967104735214,0.0693806791495701,-1.45844259590617,22.643565270803,0.0084279559101114,0.0505130471476619,0.509191056360494,0.23045924421238,0.025627888921379,1.37490296137233,0.0186938684889062,1.21294921720263,-0.945323931390336
-0.0158442838640783,0.0703174768988337,-1.43670394241432,22.1562392821191,0.00840578224485703,0.0501583076383115,0.473303234936714,0.198837127198437,0.0274551815108325,1.3761819516694,0.0187389418207161,1.23412290546481,-0.949837633196559
-0.0158442838640783,0.0703174768988337,-1.43670394241432,22.1562392821191,0.00840578224485703,0.0501583076383115,0.473303234936714,0.198837127198437,0.0274551815108325,1.3761819516694,0.0187389418207161,1.23412290546481,-0.949837633196559
-0.0172913038042205,0.0706353511154944,-1.42213600878949,22.720723738282,0.00813839832828185,0.0492747388456741,0.477050036437321,0.285787556622947,0.0246914279653159,1.34415779634201,0.0188311950689815,1.26601857693093,-0.94498238141331
-0.021733517338044,0.0712214210225662,-1.42526487692098,22.4596989645938,0.00813910439159816,0.0496857670821572,0.496873261078998,0.367297551117664,0.0247451721626705,1.32037852567992,0.0189869250518752,1.27728080022266,-0.943901672144482
-0.021733517338044,0.0712214210225662,-1.42526487692098,22.4596989645938,0.00813910439159816,0.0496857670821572,0.496873261078998,0.367297551117664,0.0247451721626705,1.32037852567992,0.0189869250518752,1.27728080022266,-0.943901672144482
-0.0248000703557645,0.07072662425382,-1.40892677118843,20.848617722158,0.00808362649753692,0.0505572630217033,0.479852845837715,0.332149262655531,0.0269704742913787,1.30789714545855,0.0190142274081001,1.27448657688421,-0.940991091606397
-0.018868193061381,0.0698319641995945,-1.41572031396868,21.1664560422362,0.00811831120229388,0.0512013317087942,0.426376003248836,0.305089492733239,0.023420637169031,1.2765024484222,0.01917209055793,1.2776449520285,-0.945911863014458
-0.0248974604011282,0.0684357994111273,-1.42413163968648,21.9280021505762,0.00795619581514847,0.050778225758734,0.410345835192987,0.280387402744627,0.023550534161288,1.29839943956586,0.018977437521316,1.28457999673049,-0.946587662461295
-0.0246202103174744,0.069121549865413,-1.39883401870244,22.0662959626387,0.00790733479360331,0.0505803301277576,0.398366141217652,0.264029512314344,0.0231060258976814,1.28905952707772,0.0189079906235523,1.28273672870733,-0.951135212594296
-0.0196804662237266,0.0634416146690777,-1.36806560159328,21.8134705348604,0.00809924823538938,0.0505495418678836,0.481796831922864,0.261084879906903,0.0277042510045773,1.27477226628598,0.0190212975269203,1.25631373965508,-0.951514152771454
-0.019666774748244,0.0628248932799625,-1.34655943927714,20.0257446617524,0.00800651794203095,0.0497205749149561,0.467617096244311,0.32659365346415,0.0272645730179287,1.26413837051188,0.0188789585190632,1.25495059124393,-0.950720432297803
-0.019666774748244,0.0628248932799625,-1.34655943927714,20.0257446617524,0.00800651794203095,0.0497205749149561,0.467617096244311,0.32659365346415,0.0272645730179287,1.26413837051188,0.0188789585190632,1.25495059124393,-0.950720432297803
-0.0349527102786025,0.0651070630601813,-1.34818610180952,20.7337191361411,0.00811593968255737,0.0495365668249208,0.445819555629277,0.401489057460599,0.0246264327260517,1.29027949159446,0.0191234067103718,1.2163472582484,-0.948021870714979
-0.0250534845375774,0.0661782257347578,-1.33730716272256,21.4040109146776,0.00805614588242949,0.0490375613350032,0.473369226339286,0.437193557336459,0.0250018573643263,1.30440790188579,0.0187757173084526,1.21099682195817,-0.953753294099088
-0.0220222146108244,0.0650575317788674,-1.31876781560577,20.5332696094076,0.00819101868316698,0.0498549058591096,0.433973659684284,0.449505524273038,0.0236426586434229,1.30917257487,0.0188394144892121,1.20373634530784,-0.954396050457356
-0.0260449027673134,0.0662283942891496,-1.30106898718831,20.0676615475149,0.00824302167340139,0.0488822771531549,0.500698706571929,0.425535181720991,0.0248348077800891,1.29434351046539,0.0189039666700331,1.1879048809903,-0.955434473268166
-0.0227083992858308,0.05436509393184,-1.28651814448448,21.8593156582947,0.00841663996365869,0.0495660799542531,0.399865362632609,0.409470228208439,0.0219866416207069,1.27407831527852,0.0191905996014683,1.13469548000106,-0.958973125382953
-0.0181053181278133,0.0551330284760081,-1.27045033747062,20.35902620275,0.00859120032767771,0.0502384590025491,0.326600396683345,0.330431079621189,0.025297135298924,1.23452693672045,0.0190553657879269,1.12252096630363,-0.956049537660802
-0.0207490694834345,0.0517618795478381,-1.29028244219446,19.5530433605017,0.00870298078057868,0.0495181817896516,0.392653649939198,0.33380912858354,0.0228172269852212,1.22431745269475,0.019208694766054,1.1297219119259,-0.958977305718103
-0.0159503433373847,0.0476955694473207,-1.29907103462677,21.0691126973392,0.00863714006719148,0.0489711821788735,0.457645325939436,0.322634272053036,0.0221965809990657,1.21596494028207,0.018951776000405,1.17222668397168,-0.959986588836063
-0.0127286617719674,0.0474461905467871,-1.29162223710546,21.4946817308861,0.00852802865477106,0.0491606761441576,0.472217663390131,0.371400395086285,0.0259168566742965,1.21658270903896,0.0188612648923027,1.17115645183435,-0.959284100935883
-0.00884557414438109,0.0465620640321036,-1.29814920040008,21.961740537405,0.008731147798514,0.048789592491855,0.477758548488206,0.275394083647479,0.0258164144386121,1.20821715405007,0.0189812769154451,1.17069749661645,-0.961861444946101
-0.00757053129937974,0.0495183637035282,-1.28714078191812,20.271608073414,0.00919844899729374,0.0502195468895491,0.528063219453298,0.264772935952171,0.0225101197443385,1.2061864956869,0.0189323472208454,1.10593743584493,-0.957872498592688
-0.0150183203570654,0.0492118005959225,-1.25256818642631,18.6427617387269,0.0089794353106537,0.0498017275950485,0.438803571931864,0.240461382011393,0.0257431123322284,1.22568462257462,0.0189882036511949,1.11891603291744,-0.959354164737992
-0.0161884542691897,0.0465258218733329,-1.25125145079876,17.0768060699195,0.0090552279390309,0.0491459483327869,0.334014832323168,0.278146886308963,0.0246282262887243,1.24816578913605,0.018789643614939,1.13269347248343,-0.961749573929778
-0.0123011259722706,0.0459261524671425,-1.2311220896091,17.0792467255086,0.00904786785797605,0.049463762042747,0.330488540087612,0.337055724819233,0.0278966937324116,1.2456906067898,0.0187911512077789,1.15041023363482,-0.963256794749999
-0.0198587388125142,0.0410442543895109,-1.22310482461874,15.7864568324372,0.00956077133643608,0.0502287367284814,0.132135420668066,0.304703159844651,0.0277077605481539,1.2077087291633,0.0186963491942734,1.18448514167789,-0.955875860498767
-0.0188884140719533,0.0413364554518132,-1.22723821564919,15.4966735832441,0.00951426858041005,0.0505199293186667,0.123032529220888,0.266363379130703,0.0252481729346933,1.22768445814215,0.0186200290775417,1.19567699616154,-0.955170594121666
-0.0185586355444604,0.0406920628032002,-1.2305659641863,15.8633718182414,0.00941476937588514,0.0506256825198536,0.0319379480696625,0.232459307379861,0.0291883283534381,1.2139949742803,0.0185566592960831,1.20414392084973,-0.956273958124714
-0.0157343259480624,0.0384425104602969,-1.23743708113096,16.283585174324,0.00969709108719878,0.0493753048202369,-0.285978263804281,0.237150131478836,0.0278095383428384,1.22789259333002,0.0186483621712125,1.16181192615939,-0.95624384553572
-0.0138334153548603,0.0367243522470064,-1.25390152125309,16.0914371452113,0.00955624344687307,0.0501393765077281,-0.224782122744041,0.214037032397673,0.0248529446801671,1.19587890713302,0.0186610761390817,1.09680597002246,-0.958354032738309
-0.0138334153548603,0.0367243522470064,-1.25390152125309,16.0914371452113,0.00955624344687307,0.0501393765077281,-0.224782122744041,0.214037032397673,0.0248529446801671,1.19587890713302,0.0186610761390817,1.09680597002246,-0.958354032738309
-0.0102476178532692,0.0344027985408998,-1.24674474769425,17.4874590864414,0.00947234077336232,0.0503052666818836,-0.292935309593847,0.224370183212596,0.0247641100471242,1.17212860175048,0.0189043176717806,1.11533227457357,-0.961422824522358
-0.0064819325824426,0.03553424889759,-1.22577227593952,17.0150320848107,0.00950797388816304,0.0505186891572491,-0.327496376396401,0.338819347274142,0.0236724115261424,1.19583450403021,0.0190963251530182,1.12892616709174,-0.959815342292539
-0.00967979284947062,0.0367060564245709,-1.24446382721016,16.0067886066024,0.00926713459986414,0.0503851982506063,-0.389774708387574,0.293933053334837,0.0269976546409823,1.19817655738046,0.0190958561807839,1.12390527910732,-0.960655856461887
-0.0124282706011649,0.0351265881799023,-1.23715195463106,16.3341636291685,0.00914600278405902,0.0501193962304597,-0.388861466231409,0.268363195225826,0.0239869038542022,1.22693980122295,0.0192285565500484,1.08864750332292,-0.961733033706966
-0.00960300271985153,0.0346610601030422,-1.2745158590282,17.0485251251514,0.00890182282652513,0.0515396623620163,-0.264779709188127,0.24371002560145,0.0267788761411287,1.20806440955318,0.0190740779797542,1.11816409469588,-0.965616651594922
-0.00643674102208114,0.0361472505830854,-1.27678199195674,16.7907687254251,0.00890513919184873,0.0514376762383614,-0.315192146722844,0.26505324425746,0.0294200321912996,1.20514497068557,0.019050110477818,1.12972304886045,-0.964629364066732
-0.0138399576857583,0.036007006989581,-1.30237001494306,17.1266918438217,0.0087347439500109,0.0511537910836407,-0.338436082886936,0.185551967028013,0.0287617086179943,1.19448609883527,0.0192613926103767,1.11764954222019,-0.966008425932527
-0.0177078832826372,0.0359101202162048,-1.32274113214547,17.2576294250215,0.00886750275965995,0.0521589881039955,-0.479250250904389,0.22385206937669,0.0267471044605085,1.19764598973785,0.0189988995660487,1.10046550551505,-0.965109084825696
-0.0177078832826372,0.0359101202162048,-1.32274113214547,17.2576294250215,0.00886750275965995,0.0521589881039955,-0.479250250904389,0.22385206937669,0.0267471044605085,1.19764598973785,0.0189988995660487,1.10046550551505,-0.965109084825696
-0.0046264020293537,0.0363481372641554,-1.315546285064,17.0838597144175,0.00896235966810235,0.0521418119927139,-0.362670878623652,0.307783050792272,0.026885393368452,1.19112895448322,0.0190908635869494,1.06305813177121,-0.960759263126142
-0.0189465886799455,0.039450537502829,-1.27901500679793,19.3277930022668,0.00884272458097746,0.0515764920460201,-0.450470885911048,0.310013165994091,0.0238244703040189,1.24491288830729,0.0187172454812421,1.06382318114732,-0.960592411487125
-0.011255503584177,0.0402849418913196,-1.28101969700712,19.5785008675489,0.00866052410095671,0.0522952632935827,-0.387702824714728,0.444591493149344,0.0215945520852945,1.25849379030123,0.0187729254574341,1.05545101640043,-0.958724275214769
-0.0152535131883697,0.0436911610586613,-1.2904730345339,21.5019992180724,0.00875671666042555,0.0522568490239622,-0.125080055413478,0.46810481155116,0.025083481442564,1.24910468523714,0.019113205139428,1.02218785163317,-0.962124193135102
-0.0172642444250406,0.0453152964271414,-1.28234774983325,21.3122357383956,0.00917161854497679,0.0539198046884406,0.0417607516544056,0.513568851048655,0.0222494222160948,1.26634526749538,0.0189611840651789,1.02229305986962,-0.95833949796545
-0.0172642444250406,0.0453152964271414,-1.28234774983325,21.3122357383956,0.00917161854497679,0.0539198046884406,0.0417607516544056,0.513568851048655,0.0222494222160948,1.26634526749538,0.0189611840651789,1.02229305986962,-0.95833949796545
-0.0172642444250406,0.0453152964271414,-1.28234774983325,21.3122357383956,0.00917161854497679,0.0539198046884406,0.0417607516544056,0.513568851048655,0.0222494222160948,1.26634526749538,0.0189611840651789,1.02229305986962,-0.95833949796545
-0.0172642444250406,0.0453152964271414,-1.28234774983325,21.3122357383956,0.00917161854497679,0.0539198046884406,0.0417607516544056,0.513568851048655,0.0222494222160948,1.26634526749538,0.0189611840651789,1.02229305986962,-0.95833949796545
-0.0172642444250406,0.0453152964271414,-1.28234774983325,21.3122357383956,0.00917161854497679,0.0539198046884406,0.0417607516544056,0.513568851048655,0.0222494222160948,1.26634526749538,0.0189611840651789,1.02229305986962,-0.95833949796545
-0.0172642444250406,0.0453152964271414,-1.28234774983325,21.3122357383956,0.00917161854497679,0.0539198046884406,0.0417607516544056,0.513568851048655,0.0222494222160948,1.26634526749538,0.0189611840651789,1.02229305986962,-0.95833949796545
-0.0172642444250406,0.0453152964271414,-1.28234774983325,21.3122357383956,0.00917161854497679,0.0539198046884406,0.0417607516544056,0.513568851048655,0.0222494222160948,1.26634526749538,0.0189611840651789,1.02229305986962,-0.95833949796545
-0.0230456800957379,0.04441104230623,-1.28808684935987,22.8613577084504,0.00898589267685957,0.0538327992435537,0.0128638922047588,0.433036020776282,0.0217615496775902,1.28340865529757,0.0190762997474205,1.01389855138692,-0.958005513259835
-0.0202929771701627,0.0458032567270249,-1.27964072544145,22.1220229647102,0.00889281285272034,0.0546205573333334,-0.00579637797683509,0.45431355239637,0.0204931011361896,1.27108353157625,0.0190056937921975,1.04838683998465,-0.956122330350194
-0.0213123529506779,0.0450551717773253,-1.29486616452219,21.7536620568034,0.0088616398498301,0.0553145996652635,0.0585358836853519,0.502502814211339,0.0265618709436909,1.275407746421,0.0191014793578512,1.02391057913895,-0.952808091281787
-0.0129919096854251,0.0435458246034792,-1.31910877049492,22.0348267975297,0.00892262762899026,0.0549795926431003,0.165374188543769,0.295210039624044,0.0222939817396365,1.30517352468641,0.0190846358528526,1.02424384740319,-0.95552094003239
-0.00656530467957124,0.0416637953313682,-1.33637107031602,19.7809550016009,0.0085506926714105,0.0552116616918799,-0.0490783426406342,0.425558620578641,0.0242412994030483,1.28579715016229,0.0192314678422301,0.972879555247292,-0.95506761669813
-0.00656530467957124,0.0416637953313682,-1.33637107031602,19.7809550016009,0.0085506926714105,0.0552116616918799,-0.0490783426406342,0.425558620578641,0.0242412994030483,1.28579715016229,0.0192314678422301,0.972879555247292,-0.95506761669813
-0.0106600667982771,0.0420477357159874,-1.34105681319659,19.8939031582739,0.0085269347754835,0.0550675602714885,0.165023215781397,0.406991293881471,0.023628852752433,1.3066747262318,0.0190806268265014,0.994306023149158,-0.9531133756604
-0.0139614898430145,0.0443878945998498,-1.34284486913593,20.7865287483078,0.00843237713141625,0.0549614931836073,-0.00482458007991732,0.457337007099992,0.0239436307724128,1.26320898079247,0.0190661629692056,1.01694737000511,-0.94967618304971
-0.0139614898430145,0.0443878945998498,-1.34284486913593,20.7865287483078,0.00843237713141625,0.0549614931836073,-0.00482458007991732,0.457337007099992,0.0239436307724128,1.26320898079247,0.0190661629692056,1.01694737000511,-0.94967618304971
-0.0120012843398133,0.0433766093474295,-1.37745809652736,19.6758977275828,0.00860035019458875,0.0542581309702754,0.220515430546579,0.336360086286765,0.0249441964548418,1.25657415896437,0.0190487041633629,1.01878861384068,-0.95199909131688
-0.019361236408075,0.0436052127739125,-1.43049736812529,20.6079940675341,0.00865494116637737,0.0547791674699955,0.288495253681523,0.316748060580499,0.0257855630668828,1.24553179868367,0.0192380513476269,0.993972767231945,-0.953907769780338
-0.019994910541065,0.0442396365457841,-1.43944803126551,20.2750247336847,0.00873774931306764,0.0549433800213812,0.193195880868413,0.343178146095638,0.0231446364563398,1.24743704032295,0.0192481835442277,0.969270190161282,-0.953508337747755
-0.0137479083429893,0.0424140440466666,-1.4337910547206,18.9514585338272,0.00882515298821935,0.0543847066448515,0.374608265259329,0.334789116106801,0.0208084700562787,1.22065103221797,0.0193963080010786,0.981522905998929,-0.954637209951992
-0.0159474143891415,0.0420466052329682,-1.42840553703259,18.9459438754538,0.00896416891588147,0.0538863708248443,0.481170173375706,0.333965464331297,0.0237984152481072,1.21619248921918,0.0192507340169792,0.980196142003403,-0.953665901445791
-0.013666478887054,0.0426511660978785,-1.45014720486627,17.6262071699841,0.00884984760933396,0.0541257875983923,0.4472523095907,0.314315575949156,0.0240121959040865,1.2338297406037,0.019121717944268,0.91885715101103,-0.953962356914787
-0.013666478887054,0.0426511660978785,-1.45014720486627,17.6262071699841,0.00884984760933396,0.0541257875983923,0.4472523095907,0.314315575949156,0.0240121959040865,1.2338297406037,0.019121717944268,0.91885715101103,-0.953962356914787
-0.013666478887054,0.0426511660978785,-1.45014720486627,17.6262071699841,0.00884984760933396,0.0541257875983923,0.4472523095907,0.314315575949156,0.0240121959040865,1.2338297406037,0.019121717944268,0.91885715101103,-0.953962356914787
-0.013666478887054,0.0426511660978785,-1.45014720486627,17.6262071699841,0.00884984760933396,0.0541257875983923,0.4472523095907,0.314315575949156,0.0240121959040865,1.2338297406037,0.019121717944268,0.91885715101103,-0.953962356914787
-0.0151933074109597,0.0414735037419771,-1.44714516133377,16.5164713209724,0.00874958931370527,0.055013066848748,0.463426654499651,0.292078826897067,0.0249070961238348,1.24340096693456,0.0191788445057276,0.914923539874867,-0.955787956126317
-0.0213238902626402,0.0432100955259737,-1.41439392858094,17.58928804546,0.00870279156487271,0.0547205642221943,0.365471297893108,0.323803229625194,0.0226368252475205,1.24803033110821,0.0194340155916392,0.921053085752313,-0.953148094798071
-0.0242411573269131,0.0444282840708676,-1.39326978072429,17.8033430725077,0.00879388633598195,0.0552527320515762,0.432298700375379,0.305516546436221,0.026141718466554,1.27589038612548,0.0194782686815544,0.92481856111557,-0.957255085697206
-0.0161836246722988,0.04465687372847,-1.39341158080752,19.2334437462611,0.00886214475324128,0.0558159555763987,0.305086631537012,0.330523574025464,0.0224062863794555,1.28069882959791,0.0194632286836879,0.925915468761844,-0.955782379156178
-0.0188102788781458,0.0446662946565062,-1.41138644939143,19.1669602787611,0.0087157162815714,0.0553789159831682,0.369376820757462,0.30282034145703,0.0237321163211148,1.29249958439153,0.0195059527687956,0.920743603033352,-0.956653665046821
-0.0188102788781458,0.0446662946565062,-1.41138644939143,19.1669602787611,0.0087157162815714,0.0553789159831682,0.369376820757462,0.30282034145703,0.0237321163211148,1.29249958439153,0.0195059527687956,0.920743603033352,-0.956653665046821
-0.0136530497697427,0.0433791140971855,-1.39848152025881,19.5671859354893,0.00871884309680148,0.0554122932577785,0.438128455392909,0.261094140905813,0.0243580243109205,1.28856440448275,0.019529184974174,0.935979057640589,-0.955900476870607
-0.00956389375472281,0.0425710005597354,-1.4145110296065,19.4640012571256,0.00856395161623935,0.0550922729366561,0.53355855208258,0.340478434899068,0.0248399196521162,1.2810538571024,0.019467398574818,0.940207488926962,-0.959849058274647
-0.0191992375592836,0.0409020766885884,-1.37792724054342,18.4265241769391,0.00908416364670681,0.0551600779307928,0.471872909278243,0.387146672104938,0.0235596230702218,1.28251114113044,0.0196539521246946,0.933689356030429,-0.958539140481395
-0.0108167731243333,0.0398367888605897,-1.36984552965475,17.268114739903,0.00913399502851967,0.0554594995555559,0.593198943237149,0.374417483050547,0.024068962307867,1.28141949786874,0.0197203395114622,0.933300713569798,-0.958126003686925
-0.0117936729375688,0.0400417215808475,-1.34920269858149,18.2936085412332,0.00940204259976794,0.0551827880755387,0.64407696934946,0.310940183587579,0.0227344587560867,1.26754949054171,0.0196087994277824,0.923454821093136,-0.955939575837779
-0.00922252831873109,0.0397443306575167,-1.36489980087245,18.0561546886168,0.00931678574202565,0.055053542864243,0.679249069589371,0.326517155606455,0.0260617467193334,1.23775804938593,0.0196860391356538,0.936162367691927,-0.956720154316176
-0.00673965487276673,0.0395177392154158,-1.35666329311482,17.7104846896655,0.00953323078534673,0.0552683057396637,0.583974452164678,0.313217309382644,0.0243363724525914,1.26314621368194,0.0195918834946459,0.901607109282348,-0.956816972262333
-0.00917452669968127,0.0387421308121341,-1.3857963474174,17.6420821178343,0.0092514755183316,0.0553454599452985,0.524819614279724,0.286202058103917,0.0281508412917173,1.26897155006409,0.0197284163595552,0.90055500221871,-0.954298141936104
-0.0174124020636367,0.0382185836476188,-1.39547419043602,17.3684747805579,0.00913147437311228,0.0545842314457714,0.478149431972898,0.241033608835266,0.0252871010722166,1.2693172864266,0.0198149306958166,0.890243069269789,-0.952780796819367
-0.0174124020636367,0.0382185836476188,-1.39547419043602,17.3684747805579,0.00913147437311228,0.0545842314457714,0.478149431972898,0.241033608835266,0.0252871010722166,1.2693172864266,0.0198149306958166,0.890243069269789,-0.952780796819367
-0.0102817169592842,0.0386447510155069,-1.38339422944911,17.4004732238956,0.00903655764984761,0.0547123217159311,0.373674620413239,0.261910017439793,0.0220935246915456,1.26625027765095,0.0198592926462866,0.86486773797492,-0.955920912025536
-0.011852651749291,0.0395850390039212,-1.38784347339928,16.8815227522282,0.00911484323591327,0.0544105373056838,0.480368550350322,0.283946134051939,0.0264157235685509,1.33112111374944,0.0197978787496509,0.85033272689404,-0.956848235210446
-0.011852651749291,0.0395850390039212,-1.38784347339928,16.8815227522282,0.00911484323591327,0.0544105373056838,0.480368550350322,0.283946134051939,0.0264157235685509,1.33112111374944,0.0197978787496509,0.85033272689404,-0.956848235210446
-0.0120912619871845,0.0387110347481121,-1.3958642140975,16.3699430819487,0.00906061786142577,0.0543945190902948,0.488393819023649,0.260451613317433,0.0267137637867945,1.31212505312823,0.0198803826197826,0.856219009182936,-0.95703225900496
-0.0155428131045578,0.0376121060728182,-1.39500116576422,18.3805970531154,0.00914042400592869,0.0547364532337307,0.480282663088354,0.383691333531135,0.0255206737393465,1.35716513479596,0.0200368999933541,0.82989103005742,-0.953257177816258
-0.0155428131045578,0.0376121060728182,-1.39500116576422,18.3805970531154,0.00914042400592869,0.0547364532337307,0.480282663088354,0.383691333531135,0.0255206737393465,1.35716513479596,0.0200368999933541,0.82989103005742,-0.953257177816258
-0.0114242760507996,0.0375802476795673,-1.42614709979939,18.5406553254785,0.00920498061045311,0.0545491492411918,0.51002780563945,0.327312519461359,0.0258878654956286,1.37446391587928,0.0201884918788949,0.826272653924508,-0.954935299591719
-0.0162305630256209,0.0383061464137528,-1.4197918329274,18.1481859559078,0.00912514914979774,0.0549500219617192,0.584946791830858,0.353006821247413,0.0260541045355627,1.38837342769304,0.0201413571395667,0.82890017000513,-0.956833566504222
-0.010201350901871,0.0392237711874589,-1.44826292513325,18.4738442121094,0.00909084350281343,0.0545742086385862,0.56495257292489,0.235415823030429,0.0269291032232627,1.42608897925001,0.0200935300161964,0.84528599006259,-0.959896963085672
-0.00306899105127043,0.0389394893325156,-1.452064593116,17.2692892892676,0.00904316142163887,0.0534310063161432,0.646194818804075,0.305184313135947,0.0239411974234989,1.44957338345712,0.0202669596250655,0.832884419593128,-0.954243732992518
-0.0130449968684314,0.0390822342249689,-1.43556760004729,18.6679681082498,0.00931897529669811,0.0538184720160377,0.66722242465835,0.243622027958959,0.0281953748318286,1.44715360668269,0.0201575340846003,0.849041293663518,-0.957345761058963
-0.00926672496643479,0.0397353456050302,-1.44685150617423,18.8207328208606,0.00949643545884596,0.0545274207085567,0.704493959250419,0.251783447331384,0.0247894603513548,1.40037661017223,0.0199944690575354,0.846032316756661,-0.955228232752986
-0.00780971901845816,0.0389297697695897,-1.45432104672781,18.9181019292379,0.00952909985641468,0.0542369950310838,0.685310678054697,0.261504472720336,0.026492066853347,1.40529806594575,0.019817410816122,0.864126572644634,-0.957041778674554
-0.0129016187794869,0.0392951466174654,-1.44893850919592,19.2346491106656,0.00956913658291495,0.0547316424807384,0.599041057509258,0.230864948036358,0.0250883435604669,1.36521242979109,0.0198104574211474,0.828372470966366,-0.957820270395995
-0.00784962498334204,0.0406589319046011,-1.44231177035092,17.9983694916921,0.00920487482437217,0.0541747801996017,0.681675517735329,0.369010612079501,0.0220170327238164,1.3572174008395,0.0196802322561504,0.820698832623996,-0.956604232104406
-0.00638384712843362,0.040532098527538,-1.47088248242131,18.0911260274574,0.00907735443098647,0.0544731234266239,0.619444698057922,0.252935097774558,0.024607481199323,1.3787151293594,0.0196949997321808,0.819450348256635,-0.957473212660715
-0.0165378067331562,0.0400184540149939,-1.45449248523122,17.096277353823,0.00910135244500483,0.0541846202008549,0.601722829145948,0.311573039674323,0.0226027814616084,1.36741105011844,0.0198871655766625,0.823679940004953,-0.954635651653167
-0.0165378067331562,0.0400184540149939,-1.45449248523122,17.096277353823,0.00910135244500483,0.0541846202008549,0.601722829145948,0.311573039674323,0.0226027814616084,1.36741105011844,0.0198871655766625,0.823679940004953,-0.954635651653167
-0.00803250791846001,0.038398317440272,-1.43983054627869,17.2357899628733,0.00897371753013742,0.0537036847030491,0.63496780759832,0.350994493795536,0.0234905023857047,1.37101465413995,0.0201413324097019,0.826551086487962,-0.958394050805226
-0.00929985302475641,0.0398237780360711,-1.42960486158152,17.1900389059294,0.00904214245190243,0.0534111830638902,0.622101391921864,0.34949436120851,0.0247994152587011,1.37819546392632,0.0200937016450594,0.829271074331199,-0.957716981876232
-0.010887162015767,0.0384956145195839,-1.45870973646011,16.0117552892665,0.00879996286211703,0.0529524902452365,0.707746343222734,0.288304435729014,0.0256298554146743,1.35366058788857,0.0198965809839452,0.857372167035089,-0.961905988188705
-0.0149781799010774,0.037264822686865,-1.45300599433374,17.0936598394451,0.008550369789771,0.0522038115435523,0.708004325195425,0.319371813959425,0.0248282534607897,1.33948459257051,0.0202175367831436,0.87286813780464,-0.963105153511606
-0.0116308551125425,0.0367452618277591,-1.46497304086825,17.8972863382947,0.00859731155642124,0.0525485168887123,0.704078731924206,0.284709572947699,0.0287367514166927,1.31866039837532,0.0204579884728291,0.886536438545071,-0.963700511624514
-0.0145504088771566,0.0334609778839162,-1.43277704940947,16.2723563522206,0.00861683182156438,0.0527963714035753,0.645762583591416,0.303501284795789,0.0277320817294748,1.30323354529724,0.0204895479989879,0.908784877086457,-0.961362722223038
-0.014539580539723,0.0327245337862872,-1.42635499760357,15.1315658917229,0.00820140730068961,0.0504860579751173,0.518075990798999,0.567830617240949,0.0271275221112452,1.29233680600115,0.0205987504706138,0.927652280122341,-0.958049696298314
-0.0185803849707332,0.0340739232697616,-1.41115378605077,15.7534832485587,0.0082005828112477,0.0494374348883442,0.496798165604953,0.333868199401968,0.0267174569899768,1.26973491142853,0.0204677354209916,0.929935454330095,-0.960465720522699
-0.0122739276224297,0.0380981491997642,-1.37861574920905,16.197613902656,0.00844053581811529,0.0515122982583633,0.520714723337873,0.388265570969523,0.0258354307644221,1.25191064628583,0.020405750343376,0.916369988419733,-0.959371862817843
-0.00692232804216227,0.0367332698972603,-1.36368561074431,15.5775924856767,0.0083899851168888,0.0510720234763809,0.459342303839194,0.354739906799564,0.0255675910982169,1.24363686100471,0.0203820236127492,0.922110127046389,-0.961225246360585
-0.0218440330285743,0.0358802837334236,-1.34902556578503,16.5376738658751,0.00869457829989976,0.0510930637902876,0.519220804086527,0.424232329865747,0.0226285892061222,1.27396250435671,0.0203087069665391,0.940514910735451,-0.961905292204709
-0.0113650494176828,0.0348483881807304,-1.3228280579711,16.4129062394659,0.00890682659601178,0.051447715421982,0.468539101023514,0.433673724647096,0.0231860498699141,1.30289192585744,0.0202004430514205,0.958967947407018,-0.960459443577531
-0.0144995908650133,0.0326924184385884,-1.33028976446756,15.1343083799072,0.00901477478792695,0.0518346792831484,0.430635617922006,0.442549224165035,0.0237907162521154,1.3329545712413,0.0202369264138933,0.944111045729919,-0.960612368882342
-0.0139339209738383,0.0337955849741089,-1.33619303619185,15.3291304395822,0.00890673128167001,0.0521729498600592,0.46664893643791,0.335155828828928,0.0267486024307264,1.33535462995239,0.0201499745638577,0.927514222972101,-0.960432518554731
-0.0123630134288695,0.0358336864868055,-1.32837175201859,15.7529878611457,0.00890597109729957,0.0531470314191493,0.472269792884122,0.304530693822817,0.0230651669096314,1.34951572261181,0.0202172646562504,0.936440723526944,-0.961312301066813
-0.0174798306733548,0.0367480786766382,-1.32678922971608,15.5626735900278,0.00880643456940618,0.0524470535756116,0.442145349430167,0.295471108600223,0.0272667248637181,1.34110057463394,0.0204444088738941,0.921004057576591,-0.95868375067773
-0.0174798306733548,0.0367480786766382,-1.32678922971608,15.5626735900278,0.00880643456940618,0.0524470535756116,0.442145349430167,0.295471108600223,0.0272667248637181,1.34110057463394,0.0204444088738941,0.921004057576591,-0.95868375067773
-0.0131303554517526,0.0371616539702853,-1.32426125100559,16.8250559013168,0.00872538659485819,0.0526549837819663,0.413904008724305,0.301910664817651,0.0227212468311283,1.31806007347753,0.0204261983414645,0.939931967802332,-0.957627162811692
-0.0145566602504767,0.0370277099018237,-1.31080798032586,17.6203860768912,0.00863388900286875,0.052916646617809,0.342695524455375,0.281599558211612,0.0261957093689912,1.27850676748269,0.0202590165551875,0.919456498348729,-0.957023692449392
-0.0223584875443719,0.0373513713332681,-1.28814276318328,17.931366895263,0.00839018763902469,0.053141568969307,0.324547568600563,0.248138774447598,0.0278166015046746,1.28905857424441,0.0204691583733938,0.92726867707974,-0.955597996447052
-0.0173383862360108,0.0366660130370461,-1.30449097593327,17.4067846407826,0.00812216977900728,0.0539910346250339,0.172624286081255,0.300661970876579,0.0241022012312356,1.34369724066786,0.0204001205655624,0.921635251631613,-0.953440539990676
-0.0142988214567344,0.0343395234235328,-1.29802071903316,17.0349677140531,0.00789143630819329,0.0545602207121399,0.205078744744593,0.296217682943284,0.0242648031091343,1.34688435990365,0.0203524671545797,0.910080084934907,-0.954670337139478
-0.0144292797449902,0.0353242005508727,-1.3155676807984,16.3903286068947,0.00784877446944962,0.0529037923417482,0.244324919018002,0.208527154216841,0.0213427788047646,1.38993587683159,0.0202153414276773,0.901210309661275,-0.951287726761906
-0.0206294289964213,0.0356853202439432,-1.32906698126691,18.0396210354978,0.0079898951446734,0.0539073660495028,0.0456178180429381,0.201649403263025,0.0253798597320946,1.37145776090457,0.0199750749517541,0.950394928671588,-0.95286985298229
-0.0154849386392702,0.0364734674734047,-1.32221065267523,18.6963735603108,0.00808152232607465,0.0539060160101969,0.0778732437587173,0.217158387747177,0.0239534171434489,1.36530559192457,0.0200039256139824,0.956954850865803,-0.952432851632181
-0.0154849386392702,0.0364734674734047,-1.32221065267523,18.6963735603108,0.00808152232607465,0.0539060160101969,0.0778732437587173,0.217158387747177,0.0239534171434489,1.36530559192457,0.0200039256139824,0.956954850865803,-0.952432851632181
-0.0130293012408818,0.037882093516796,-1.32809090167271,17.8803036484308,0.00820084941287971,0.0539306192262762,0.11512295397044,0.216799046281973,0.0250589940122206,1.39674840358422,0.0198709953581707,0.900407807749566,-0.948182412090723
-0.0133810291938514,0.0383540556870037,-1.32735208291019,17.0857963744612,0.00813516576817748,0.0542523058952624,0.0421869384076436,0.266387775383562,0.0239355479269749,1.40564431285143,0.0200497796992959,0.897830280097986,-0.946631109827722
-0.0108947231891103,0.0386072924236448,-1.33584216535733,17.3862797244774,0.00802522724824152,0.053327306925029,-0.0526299117867763,0.315598850245199,0.0257696423247213,1.38494665010486,0.0198278617526665,0.874454714343687,-0.944570766868267
-0.0108947231891103,0.0386072924236448,-1.33584216535733,17.3862797244774,0.00802522724824152,0.053327306925029,-0.0526299117867763,0.315598850245199,0.0257696423247213,1.38494665010486,0.0198278617526665,0.874454714343687,-0.944570766868267
-0.0102050959105238,0.036911000326735,-1.32262266298867,18.1147237101012,0.0081460733144478,0.0537705591770975,-0.232714981798865,0.232838565003218,0.0255166257678486,1.39942756028857,0.0198806493159589,0.873797128067792,-0.94603660087737
0.000528403296135183,0.0356421559454624,-1.33617862615119,18.1434911965916,0.00824162355113899,0.0537746725480899,-0.202304921105716,0.226982701093857,0.0250228498604252,1.3971482643565,0.0197989770745921,0.870574817913399,-0.944511961404628
-0.00631965824661732,0.0383950042355607,-1.27654328056111,18.6342836402464,0.00856654845877861,0.0536688738014677,-0.214698226654324,0.239504044042945,0.0264092321351022,1.40707441901137,0.0196685269591355,0.930398110227508,-0.943593933021693
-0.0125878308226865,0.0391638002719118,-1.28267234453361,19.1702878514321,0.0086311933421366,0.0534244710218116,-0.209545819160684,0.259721451224727,0.0278448388556608,1.41528800697293,0.0196330184868324,0.923675868975877,-0.945903179794448
-0.00854979776333211,0.0377513857932883,-1.30616568283452,17.6827349914442,0.00867041162205282,0.0533117879492148,-0.250301504883781,0.267909753862948,0.0256716296197442,1.3972994963692,0.0195626009426571,0.917768326284383,-0.943829344214123
-0.0119729977010857,0.0391940069511992,-1.36857746076061,17.7858691206278,0.00893281232909674,0.053608039512498,-0.244492779160116,0.217175027227112,0.0280214647463334,1.37194792717072,0.019388458778344,0.942024295336965,-0.940059923359355
-0.00925570672448452,0.0382787441671792,-1.38135926961186,18.2926668334165,0.00889036352628972,0.0530460933576768,-0.165574073694995,0.272039933449894,0.0251209879836802,1.34627392919141,0.0191381176758666,0.909916870324823,-0.94343428725424
-0.00925570672448452,0.0382787441671792,-1.38135926961186,18.2926668334165,0.00889036352628972,0.0530460933576768,-0.165574073694995,0.272039933449894,0.0251209879836802,1.34627392919141,0.0191381176758666,0.909916870324823,-0.94343428725424
-0.017970767422939,0.0388663917325777,-1.37126234192937,17.3712016687882,0.00895721080203521,0.0532600157921668,-0.315362177536097,0.357908868202306,0.0226354093075552,1.36971837987099,0.0193087474030735,0.905529683652525,-0.944152460911852
-0.017970767422939,0.0388663917325777,-1.37126234192937,17.3712016687882,0.00895721080203521,0.0532600157921668,-0.315362177536097,0.357908868202306,0.0226354093075552,1.36971837987099,0.0193087474030735,0.905529683652525,-0.944152460911852
-0.0144031693339767,0.0355966035223651,-1.34373428601962,17.6507936464882,0.00889053934412788,0.0532209317974,-0.230904551381992,0.379959038075284,0.0258703388443796,1.3588657482031,0.0192765480832724,0.916106738284871,-0.944821098266468
-0.0144031693339767,0.0355966035223651,-1.34373428601962,17.6507936464882,0.00889053934412788,0.0532209317974,-0.230904551381992,0.379959038075284,0.0258703388443796,1.3588657482031,0.0192765480832724,0.916106738284871,-0.944821098266468
-0.00395477256439428,0.0359675312831457,-1.33530529381213,19.2595285184157,0.00878284849089685,0.0529866536022885,-0.239144060779776,0.304586719395723,0.0248891913120165,1.39336381982246,0.0189692372808811,0.928051417912659,-0.936441111475682
-0.0154414227763341,0.0361883768959477,-1.33450778883123,19.3601558937663,0.00873217447488527,0.0528939204545422,-0.242968760302816,0.284185637482471,0.0229984134382492,1.37813749569853,0.0189812748848552,0.937688904266321,-0.935587944066759
-0.0154414227763341,0.0361883768959477,-1.33450778883123,19.3601558937663,0.00873217447488527,0.0528939204545422,-0.242968760302816,0.284185637482471,0.0229984134382492,1.37813749569853,0.0189812748848552,0.937688904266321,-0.935587944066759
-0.0154414227763341,0.0361883768959477,-1.33450778883123,19.3601558937663,0.00873217447488527,0.0528939204545422,-0.242968760302816,0.284185637482471,0.0229984134382492,1.37813749569853,0.0189812748848552,0.937688904266321,-0.935587944066759
-0.0154414227763341,0.0361883768959477,-1.33450778883123,19.3601558937663,0.00873217447488527,0.0528939204545422,-0.242968760302816,0.284185637482471,0.0229984134382492,1.37813749569853,0.0189812748848552,0.937688904266321,-0.935587944066759
-0.0126010640078809,0.0363315426474779,-1.34147983904823,19.6347084115295,0.00875811490705933,0.0532890924435328,-0.253667258579202,0.272398919727705,0.0244082218009959,1.37562474136738,0.0189275199152205,0.920460324602134,-0.937737781278174
-0.0146633247904355,0.0369529721556747,-1.33859360936792,19.7952627349317,0.00877266663775338,0.0535078856490925,-0.343284717217246,0.258089891273251,0.0240186720377376,1.36099126858473,0.0190098806666271,0.922876402846741,-0.937762940400107
-0.0161770141340841,0.0383748034116724,-1.28126842705405,20.3103425714752,0.00882253917368383,0.0538967321384271,-0.254895088404294,0.418481155442246,0.0203026619265983,1.36125308180524,0.0189378713580063,0.893101649302865,-0.940948646294459
-0.0140956528651004,0.039655941333872,-1.29722172878815,20.352139658905,0.00876491647854392,0.0542091138440844,-0.188061672145311,0.444577009744931,0.0211716353186291,1.38738150250184,0.0189940960721315,0.869913469461244,-0.942582379339494
-0.00862457563046511,0.0406851474123609,-1.29896606560451,20.3499767823406,0.00890144944285497,0.0536914225168804,-0.175743392967015,0.37857868788005,0.0241318131983431,1.39501227864841,0.0190208763433047,0.888007069364932,-0.945308382761049
-0.00757787948280889,0.0398186334462752,-1.30244200103803,20.0996238564336,0.00885753069497361,0.0537133579061467,-0.145633613439272,0.32165983596563,0.0246771049304253,1.40416710686913,0.0189135269634173,0.883962928081328,-0.944803096564654
-0.0146939749528986,0.0393268128643812,-1.29285193588715,20.2081725919383,0.00902763131295969,0.0538002920587472,-0.0996021152004274,0.297848095606217,0.0222675898490393,1.37943382342404,0.0188097660162431,0.877123243983159,-0.941451037346278
-0.0166845549312413,0.0384716246486636,-1.30690856920708,20.1690088507421,0.00896295091679528,0.0534470488605688,-0.11481460371338,0.332384135262119,0.0237970655548302,1.39244115106717,0.0187335040762154,0.874876116618753,-0.939115264507392
-0.0201738962195573,0.0389481687215148,-1.27583108550585,19.4358419253057,0.00894481567320137,0.0534804099185991,-0.275780527927152,0.29743192774222,0.0256572691494434,1.41121692536976,0.0188367461926124,0.913455060846127,-0.939863710362787
-0.017582802343268,0.0412457091302529,-1.31349722500961,20.0777575154728,0.00926905209692311,0.0536708813897668,-0.337589653258759,0.385491203310835,0.0233836266071816,1.42856942500929,0.0190585043114509,0.947254279297137,-0.94558040007767
-0.017582802343268,0.0412457091302529,-1.31349722500961,20.0777575154728,0.00926905209692311,0.0536708813897668,-0.337589653258759,0.385491203310835,0.0233836266071816,1.42856942500929,0.0190585043114509,0.947254279297137,-0.94558040007767
-0.017582802343268,0.0412457091302529,-1.31349722500961,20.0777575154728,0.00926905209692311,0.0536708813897668,-0.337589653258759,0.385491203310835,0.0233836266071816,1.42856942500929,0.0190585043114509,0.947254279297137,-0.94558040007767
-0.0124132286326693,0.0416793342111429,-1.31950897716723,19.7277050330977,0.00927438724508834,0.0527665155197641,-0.340702953654803,0.375604731141185,0.0234764288054089,1.44911361722861,0.0190262861357913,0.952420959655459,-0.943485929267237
-0.0189677692575195,0.0439470410137628,-1.29625520549637,20.7688870560486,0.00899864071237666,0.0529572826672938,-0.294406853667888,0.395719186412943,0.0231599638851604,1.44854146653287,0.0189869784946155,0.958406648867169,-0.950522494998925
-0.0189677692575195,0.0439470410137628,-1.29625520549637,20.7688870560486,0.00899864071237666,0.0529572826672938,-0.294406853667888,0.395719186412943,0.0231599638851604,1.44854146653287,0.0189869784946155,0.958406648867169,-0.950522494998925
-0.0153160372616427,0.0430003509900824,-1.28796851586255,19.9822559209968,0.00910763608750322,0.0530909266380393,-0.331189733401723,0.433167082524267,0.0239753952779365,1.45886367282388,0.0188993129620327,0.968242317931085,-0.951583488656116
-0.0127621334716698,0.0408860140604983,-1.25642104255635,20.3287367697824,0.00887980929693459,0.0528955625870525,-0.314099838467834,0.330233481776683,0.0235098666516011,1.46647849790419,0.018825952021528,0.960510398204651,-0.950082267778293
-0.0127621334716698,0.0408860140604983,-1.25642104255635,20.3287367697824,0.00887980929693459,0.0528955625870525,-0.314099838467834,0.330233481776683,0.0235098666516011,1.46647849790419,0.018825952021528,0.960510398204651,-0.950082267778293
-0.0147963910133864,0.0438672651449836,-1.26956248818761,20.3982608556703,0.00901004185140632,0.0532096598352456,-0.347895768773193,0.343061685867276,0.0243384171203739,1.46969075422972,0.0188444998582842,0.983546178627502,-0.95071030417565
-0.0147963910133864,0.0438672651449836,-1.26956248818761,20.3982608556703,0.00901004185140632,0.0532096598352456,-0.347895768773193,0.343061685867276,0.0243384171203739,1.46969075422972,0.0188444998582842,0.983546178627502,-0.95071030417565
-0.0130344554207633,0.0451988959067065,-1.27841311663347,19.9264777837259,0.0091567562404974,0.0527337806248168,-0.259530387544549,0.392592609475988,0.0252091029081488,1.45055144793539,0.0187444737877443,1.00236529325076,-0.952417351297497
-0.0108549585457419,0.0476362911542281,-1.2723610613272,21.6442865654074,0.00928364894542697,0.0522028486608445,-0.371519745335414,0.288418410773136,0.0229377902141354,1.46004338306831,0.0186616176232528,1.01021175863469,-0.950115633523412
-0.0108549585457419,0.0476362911542281,-1.2723610613272,21.6442865654074,0.00928364894542697,0.0522028486608445,-0.371519745335414,0.288418410773136,0.0229377902141354,1.46004338306831,0.0186616176232528,1.01021175863469,-0.950115633523412
-0.0198809810310524,0.0490147950413234,-1.23171372012288,22.8181181496089,0.00934061717487662,0.0516947794588607,-0.410612083284235,0.321303160870908,0.021966907736498,1.47262801401846,0.0187223753111946,1.03339715023795,-0.952643078563856
-0.015287711218996,0.0514729926151613,-1.21134310831309,22.1015219771593,0.00956371852606025,0.0523070171215018,-0.457343274810487,0.355688182746736,0.0212671037183578,1.49210460347699,0.0187462522980472,1.0428094892318,-0.950095554372868
-0.0147145188039193,0.0507542954697246,-1.18179158179536,22.8441990959482,0.00920446223580405,0.0524821043690518,-0.656768630274476,0.350971930867476,0.0210155665311219,1.46163630869069,0.0187475421706428,1.0184718401974,-0.94988725276531
-0.0174121671557346,0.0499197760261242,-1.18866065206128,22.0584970795812,0.00931215542188191,0.0532032250420413,-0.756891230342261,0.380832828654721,0.0224049097297508,1.46714836387865,0.0188225666637509,1.00262688578282,-0.950581908548564
-0.0174121671557346,0.0499197760261242,-1.18866065206128,22.0584970795812,0.00931215542188191,0.0532032250420413,-0.756891230342261,0.380832828654721,0.0224049097297508,1.46714836387865,0.0188225666637509,1.00262688578282,-0.950581908548564
-0.0148328027498089,0.0524407420904297,-1.1837778493452,21.5231408857009,0.00946085039786713,0.0530946059504124,-0.719705883941259,0.385223818680873,0.0247458568944616,1.4487995637415,0.0187881358025042,1.01810023936103,-0.951149623949571
-0.0154833775965785,0.052680111812279,-1.16874009402482,21.7726769276436,0.00956115174400766,0.0525028912536159,-0.657531396128639,0.356692660484941,0.0243355227925706,1.43641558718091,0.0188713366326706,1.01701954646134,-0.949366300514966
-0.0198473602413433,0.0519530071214888,-1.16121484599939,21.3125347331659,0.00975127924877504,0.0528495168949689,-0.625573623773249,0.3200619664364,0.0236914232604154,1.43921900421071,0.0190268061979903,0.988655471034042,-0.947392664121102
-0.0245706835084199,0.0532241359825913,-1.17688032344837,25.4354050608295,0.00975214074029873,0.0534518213181595,-0.541098612265921,0.389559567375898,0.0240974743125459,1.43546062234932,0.019139593316367,1.02310039292646,-0.948133998819053
-0.0102754101704422,0.0514259944353964,-1.1508889148462,24.4398233620324,0.00992838045282779,0.0525164217421321,-0.57632585795922,0.436011116213994,0.0228529990703109,1.45519538455179,0.0192434511482267,1.03895629574446,-0.941284525043745
-0.00955230107701378,0.0455705421859918,-1.15628958846,22.4033107700664,0.0106958563580741,0.051173834017809,-0.546056240467337,0.285357962288981,0.025798496400816,1.42466330911497,0.0193880356644878,0.985848277484559,-0.945022880817192
-0.0134088968139778,0.0460746664693813,-1.15161833657647,21.9345556421355,0.0106748322865081,0.0516720935064722,-0.516034861895591,0.233022320119728,0.0265548995020717,1.43817119213068,0.0193506243341367,0.955476246121686,-0.945187537912457
-0.00919994869220294,0.0465083651184808,-1.11380489122153,20.8071009746574,0.0106198996778725,0.0521351423298515,-0.470080516895335,0.353266897629843,0.0228680283794808,1.45029424211255,0.0193756077999757,0.931578043310278,-0.94434369777937
-0.0130028173976948,0.0488754817812192,-1.15346331084186,20.332524158296,0.0108519406305782,0.0518005394148427,-0.469956428351586,0.322964199726827,0.026456795286551,1.46198059134416,0.0193171429267966,0.966970278879164,-0.947931202611567
-0.0119947875508527,0.0510210491945499,-1.14066689534185,20.2652338478851,0.010275265644222,0.0527141112843534,-0.575314350024982,0.23559475238944,0.0272561103846961,1.52178121086489,0.0192291535964258,1.00561473394119,-0.948154893317027
-0.0158583086087365,0.0510920209952342,-1.13504463098659,21.1021733723449,0.0100892952842091,0.0535880031186206,-0.628367341171869,0.288080780506149,0.0266852405989838,1.52582590996254,0.0191560615944186,0.994078642936504,-0.948221098095899
-0.0228653579827353,0.0517878481274753,-1.1060710172371,22.1600959979206,0.0102049980739351,0.0534572792344828,-0.557752620221151,0.342462931573739,0.0225107905626978,1.5559537891115,0.0190186736768547,0.996400517542964,-0.946602386702369
-0.0222100506574273,0.0519207409768097,-1.08750958131842,22.7533688113138,0.0100003711073443,0.053513400067488,-0.64047452233943,0.343781666117037,0.0215756897654427,1.54295911237638,0.0190264557253602,1.00878934096259,-0.943634523336007
-0.0166678627410962,0.0493454192653956,-1.07262233683191,22.3382441089755,0.00992337165597095,0.0531792883321664,-0.645528611177274,0.41493250542615,0.0246194318036969,1.5477719324876,0.0187934133445488,0.998703973747953,-0.949550192898479
-0.0189310172506713,0.0495655565509083,-1.03982403709482,22.7924988053006,0.00979191765283927,0.0525930045912503,-0.610923774307337,0.454860087796935,0.0205213015196843,1.56134397313984,0.0187204211130169,1.00117792100097,-0.947383122170211
-0.0189310172506713,0.0495655565509083,-1.03982403709482,22.7924988053006,0.00979191765283927,0.0525930045912503,-0.610923774307337,0.454860087796935,0.0205213015196843,1.56134397313984,0.0187204211130169,1.00117792100097,-0.947383122170211
-0.0199614662851294,0.0509397940974187,-1.02660963694308,23.1652103753202,0.00968074934955226,0.0535871404097348,-0.596215476015105,0.405811356222032,0.0207236735312741,1.56485365334485,0.0186735550656516,0.963056332525202,-0.945135262024851
-0.016639866755603,0.0539725603349609,-1.01119376460159,21.4920268280846,0.0101546664031412,0.0524625989744698,-0.602970086938527,0.403440069392969,0.0247179064139549,1.55749230747609,0.0188850268392814,0.961850497786774,-0.949525652133744
-0.016639866755603,0.0539725603349609,-1.01119376460159,21.4920268280846,0.0101546664031412,0.0524625989744698,-0.602970086938527,0.403440069392969,0.0247179064139549,1.55749230747609,0.0188850268392814,0.961850497786774,-0.949525652133744
-0.0174936952437015,0.0559881976647153,-1.03518674232151,23.1275535519941,0.0100785085573964,0.0535731994908257,-0.690638555382958,0.31929716654393,0.0246382704074506,1.58086124040617,0.0190290038523043,0.964983280711498,-0.946586407035599
-0.0199276913432519,0.057513879612022,-1.03692886508337,22.4731165710019,0.00991197675307999,0.0521599003433376,-0.637098307522218,0.300148202190072,0.0203258455440557,1.61186601770678,0.019128049247411,0.972044630144062,-0.945879143718022
-0.0238655228410541,0.0560201908508394,-1.04433143879469,21.0192434357021,0.00994432143078637,0.0519176997168877,-0.566312255024671,0.292774229398016,0.022183113588989,1.65013937124558,0.0189951257372507,0.981489065443829,-0.945360268328302
-0.0194592532838667,0.0530646249621088,-1.06364483398931,20.7933976671161,0.00997238578515544,0.0517721780862215,-0.624790328771635,0.32452210902066,0.0230748329612453,1.62767202823773,0.0189807344851386,1.01305871369939,-0.946462122991623
-0.0194592532838667,0.0530646249621088,-1.06364483398931,20.7933976671161,0.00997238578515544,0.0517721780862215,-0.624790328771635,0.32452210902066,0.0230748329612453,1.62767202823773,0.0189807344851386,1.01305871369939,-0.946462122991623
-0.00726835982618282,0.0494262590074458,-1.04864001530384,20.2888894713061,0.00972528674378881,0.0523531580281126,-0.662578725377843,0.378966394004118,0.0228043401946863,1.60760983546974,0.0187774609702009,1.02495605015128,-0.940252035019962
-0.0240390854158436,0.0503972806139279,-1.05973421431486,20.999624005573,0.00896353934585877,0.0525299678434487,-0.611730806605353,0.32974477597901,0.0215310835912686,1.64866422506267,0.0186541393515693,1.08347241951705,-0.942403880920916
-0.0149762536002522,0.0502954428665991,-1.0378820172084,21.1427736257818,0.00884744408264687,0.0531919719666693,-0.588157866352065,0.302053263470852,0.0267709596930496,1.6341516254972,0.0186848122093618,1.09293579366759,-0.940694591952572
-0.0133802730804513,0.0493154044396896,-1.03407112149729,22.1311150988759,0.00896437062885954,0.0538311884196891,-0.626778290632615,0.264429141683558,0.0240412995510872,1.64896446307637,0.0186967975725675,1.0961049440555,-0.938357716712235
-0.0132443482541178,0.0491352882012391,-1.05930409578175,22.7254675848304,0.00890666228120968,0.0534501686167508,-0.549549032237796,0.263604816014838,0.0220380904563355,1.65576737142472,0.0187808231277331,1.11093469339765,-0.938774725189576
-0.0226950365019233,0.047217162119146,-1.03899093148083,22.3006642995627,0.00893942302620013,0.0546122410304962,-0.415976593370418,0.338357284102315,0.0266448742800305,1.60391209543828,0.018511499799658,1.11139633910449,-0.933681142509354
-0.0106158914100128,0.0474706580062324,-1.01464579683182,22.6430592162516,0.00895845442006589,0.0550150629153626,-0.348350328113681,0.294566811336799,0.0252903863551848,1.59575205491332,0.0184048795860058,1.12889881697968,-0.931979325412467
-0.0140845604825858,0.0436893385665873,-1.01376400630609,22.9901813783917,0.00900568061010661,0.0540225242561612,-0.373487003179507,0.22995318127375,0.0245145816491507,1.59577821857666,0.0184589877954754,1.13610736597111,-0.931010806292739
-0.0140845604825858,0.0436893385665873,-1.01376400630609,22.9901813783917,0.00900568061010661,0.0540225242561612,-0.373487003179507,0.22995318127375,0.0245145816491507,1.59577821857666,0.0184589877954754,1.13610736597111,-0.931010806292739
-0.0159608773749946,0.0466477760963758,-0.973215816749006,21.7873648629441,0.00903379398465041,0.054362698118949,-0.237174025277111,0.195801818911036,0.0230855229965553,1.57558753834935,0.0184670341362767,1.14198362109558,-0.928265780465256
-0.0159608773749946,0.0466477760963758,-0.973215816749006,21.7873648629441,0.00903379398465041,0.054362698118949,-0.237174025277111,0.195801818911036,0.0230855229965553,1.57558753834935,0.0184670341362767,1.14198362109558,-0.928265780465256
-0.0132519629635429,0.0496991192106845,-0.965906402924336,20.1455493776885,0.00884180877021765,0.0550307677651744,-0.403189229800773,0.28192230243749,0.0227248344329352,1.64311141981585,0.0186725228947738,1.11603364833665,-0.916914079561029
-0.0132519629635429,0.0496991192106845,-0.965906402924336,20.1455493776885,0.00884180877021765,0.0550307677651744,-0.403189229800773,0.28192230243749,0.0227248344329352,1.64311141981585,0.0186725228947738,1.11603364833665,-0.916914079561029
-0.0131273100765174,0.0492322262710866,-0.967828425230021,19.5237748398346,0.00882686183885825,0.0549377167810133,-0.452523227458396,0.230260044685621,0.0232774595964056,1.64115713812315,0.0184653889175347,1.11559782177181,-0.926520319693727
-0.0168304673588028,0.0475326368561141,-0.965467754450339,18.4483621442703,0.00882457946802436,0.0543264358160655,-0.377481847820926,0.178772708622161,0.0237239241197368,1.63821057094846,0.0184634498659938,1.13635440262825,-0.924528338476429
-0.0184857964122684,0.0523118924457764,-0.967825474761774,18.5610725115452,0.00845329882006718,0.0542000335403966,-0.398966089279191,0.227314176902775,0.0273746889488111,1.62461249527832,0.0185937521978811,1.11090806594341,-0.928196583775845
-0.0168408846810081,0.0530783085179095,-0.949831116161707,18.1700471409502,0.00829600871107646,0.0546194846295273,-0.415131454489057,0.218444766472553,0.022052305993431,1.63603970794605,0.0185942110236302,1.12708556825066,-0.923101902931683
-0.0172185376476789,0.0504925403887898,-0.935646886772329,19.0134632890103,0.00810072747471646,0.055331102218492,-0.431389051958943,0.290327181546984,0.0215664607499248,1.6583453327769,0.0183910322250878,1.05121822016034,-0.917855861132028
-0.0172185376476789,0.0504925403887898,-0.935646886772329,19.0134632890103,0.00810072747471646,0.055331102218492,-0.431389051958943,0.290327181546984,0.0215664607499248,1.6583453327769,0.0183910322250878,1.05121822016034,-0.917855861132028
-0.0157112355694812,0.049814694448019,-0.93170670522228,16.5305476980803,0.00801622299215585,0.0555386451693878,-0.396407779238453,0.23182154446673,0.0227167649936775,1.64831012877625,0.0182710459098877,1.02142566473846,-0.922631198696856
-0.0157112355694812,0.049814694448019,-0.93170670522228,16.5305476980803,0.00801622299215585,0.0555386451693878,-0.396407779238453,0.23182154446673,0.0227167649936775,1.64831012877625,0.0182710459098877,1.02142566473846,-0.922631198696856
-0.0157112355694812,0.049814694448019,-0.93170670522228,16.5305476980803,0.00801622299215585,0.0555386451693878,-0.396407779238453,0.23182154446673,0.0227167649936775,1.64831012877625,0.0182710459098877,1.02142566473846,-0.922631198696856
-0.0157112355694812,0.049814694448019,-0.93170670522228,16.5305476980803,0.00801622299215585,0.0555386451693878,-0.396407779238453,0.23182154446673,0.0227167649936775,1.64831012877625,0.0182710459098877,1.02142566473846,-0.922631198696856
-0.0238970351269123,0.0510623089103007,-0.928348619471018,17.415378902823,0.00844010182470925,0.0551950035078218,-0.385568114704258,0.262958538551256,0.0233132608182907,1.64178698020802,0.0184180401661163,1.05253860212603,-0.926374091555355
-0.0208298629274219,0.0529884910971739,-0.905836403356488,16.2245493935181,0.00866993489469422,0.0550782740952689,-0.364546494039022,0.308502069273682,0.0216693544569853,1.65915694707542,0.0184682242249075,1.05018386044435,-0.927433743347745
-0.0188024534117332,0.0537364441834681,-0.884756587508422,16.2229667381447,0.00872458048969571,0.0549908253244622,-0.45280461589348,0.359765171701669,0.0264637154378601,1.62905654862215,0.0184725687525054,1.07071673714645,-0.925168258890724
-0.0200547671923195,0.0539581007432262,-0.895432099694599,16.2496367144772,0.0084864936020713,0.0558925857489063,-0.54903696979284,0.427236075666758,0.0242557014940566,1.63912573401305,0.0185771159515415,1.07331268794284,-0.922464057159186
-0.00922329203809125,0.0500321179651898,-0.889048867786786,17.1369823114537,0.00865605139466038,0.0557013380324583,-0.770363230843215,0.291119720298061,0.0227263688813141,1.59263871657215,0.0185607895105313,1.04404357375689,-0.917904518913345
-0.0219971394277267,0.0488097401259807,-0.840865837296008,17.4308055567547,0.0085103315652093,0.0567740506624885,-0.818922062535779,0.300220291146141,0.0235336200914657,1.59513395909786,0.0187396891237321,1.08394369814653,-0.920459994308489
-0.0194557518240724,0.0506991476899522,-0.822341754109422,17.0493616325621,0.0083769680158756,0.0558260398105441,-0.774320424739995,0.308954112654825,0.0244431728251403,1.57655692973956,0.0186104878322682,1.06874775622046,-0.922123494016555
-0.0194557518240724,0.0506991476899522,-0.822341754109422,17.0493616325621,0.0083769680158756,0.0558260398105441,-0.774320424739995,0.308954112654825,0.0244431728251403,1.57655692973956,0.0186104878322682,1.06874775622046,-0.922123494016555
-0.0156119010844064,0.0515003419774827,-0.818879626777633,17.4415025342724,0.0083194663392508,0.0561410381508505,-0.831343159364536,0.274249643857625,0.0221619109812537,1.57066518640301,0.0187812626587706,1.0602169729317,-0.925330780159608
-0.0170222508617462,0.0564561580850281,-0.826283957337751,19.1059022706528,0.00872134527736508,0.0573506927456969,-0.779562031174884,0.266901810985542,0.0229799040903421,1.58515297685735,0.0189000483579142,0.969440035355236,-0.915844771611142
-0.0178978243584818,0.056667062411873,-0.807035111538818,18.7944884937657,0.00870980222822215,0.0573588335816152,-0.73893828549676,0.295411249290959,0.023564083244734,1.57764974932118,0.0188067387726882,1.00707931095433,-0.911303680064866
-0.0178978243584818,0.056667062411873,-0.807035111538818,18.7944884937657,0.00870980222822215,0.0573588335816152,-0.73893828549676,0.295411249290959,0.023564083244734,1.57764974932118,0.0188067387726882,1.00707931095433,-0.911303680064866
-0.0133402854560712,0.0562379005436112,-0.83092471721053,20.1259493732859,0.00852065382994666,0.058784548983552,-0.584487215333299,0.322737668609625,0.0263751702935595,1.57052430458887,0.018957190151895,0.976575748749368,-0.918185343080972
-0.0105229735853301,0.0547266339360568,-0.825719599982803,19.0532696486212,0.0084797328437986,0.057873533992065,-0.575965560300613,0.419412916528767,0.024053408051333,1.58445805767731,0.0188113570592428,0.929686183422594,-0.912703525557265
-0.0207306050038562,0.0542824050708109,-0.839154040545942,20.7779346021114,0.00815750055729776,0.0574003518696096,-0.533404062225072,0.388608185933209,0.0231273941418575,1.54905357498842,0.0186861204776582,0.933599724741496,-0.920702173374171
-0.0171558906705584,0.0527362894739467,-0.825231288635925,21.1057394967893,0.00803223496416675,0.0592871238749343,-0.638730963904276,0.235346715162036,0.0261219166130192,1.55178083831794,0.0187612097685488,0.902545347388929,-0.928856583265575
-0.0155313661261176,0.048275296044846,-0.791204549221898,20.8586773429293,0.00811371486779952,0.0583696167146524,-0.359992173285396,0.452802979943741,0.0193450037054529,1.53919174152391,0.0188770092573146,0.981986096280998,-0.9323677157972
-0.0153913430295823,0.0457259949861729,-0.811796158911391,21.8389394141544,0.00805421499710668,0.0584575523910884,-0.453065587785097,0.516238355875988,0.0206238853259798,1.53997160078857,0.0188399464670581,0.96898440679778,-0.929168589922471
-0.0218071261000872,0.0455570914670631,-0.771689142173125,20.0951382250829,0.00802419220076499,0.0586718878504346,-0.618246316978017,0.406565166106388,0.0202558801921617,1.57459806886393,0.0187797565396582,0.94486370112185,-0.91996990249586
